Workbook

Sheet Gara_1
U1: =IF($A$1="","",$A$1) | AJ1: =IF($A$1="","",$A$1) | AZ1: =IF($A$1="","",$A$1)
S2: ---
W3: RIASSUNTO SCALARE DEI PUNTI FATTI | AL3: RIASSUNTO SCALARE DEI PUNTI SUBITI | BB3: TOTALI E RELATIVI GRAFICI
A6: SET I | BA6: TPF | BB6: =AA15+AA27+AA39+AA51+AA63 | BD6: FATTI | BJ6: TPS | BK6: =AP15+AP27+AP39+AP51+AP63 | BM6: SUBITI
U7: =IF($B8="","",$B8) | V7: =IF(U7="","",IF(U7=1,6,U7-1)) | W7: =IF(V7="","",IF(V7=1,6,V7-1)) | X7: =IF(W7="","",IF(W7=1,6,W7-1)) | Y7: =IF(X7="","",IF(X7=1,6,X7-1)) | Z7: =IF(Y7="","",IF(Y7=1,6,Y7-1)) | AA7: P | AB7: SET I | AD7: =IF(D9="","",MAX(D9:I14)) | AJ7: =IF($B8="","",$B8) | AK7: =IF(AJ7="","",IF(AJ7=1,6,AJ7-1)) | AL7: =IF(AK7="","",IF(AK7=1,6,AK7-1)) | AM7: =IF(AL7="","",IF(AL7=1,6,AL7-1)) | AN7: =IF(AM7="","",IF(AM7=1,6,AM7-1)) | AO7: =IF(AN7="","",IF(AN7=1,6,AN7-1)) | AP7: P | AQ7: SET I | AS7: =IF(L9="","",MAX(L9:Q14)) | AZ7: P | BA7: 1 | BB7: 2 | BC7: 3 | BD7: 4 | BE7: 5 | BF7: 6 | BI7: P | BJ7: 1 | BK7: 2 | BL7: 3 | BM7: 4 | BN7: 5 | BO7: 6
A8: P | D8: I | E8: II | F8: III | G8: IV | H8: V | I8: VI | L8: I | M8: II | N8: III | O8: IV | P8: V | Q8: VI | U8: I | V8: II | W8: III | X8: IV | Y8: V | Z8: VI | AA8: TR | AJ8: I | AK8: II | AL8: III | AM8: IV | AN8: V | AO8: VI | AP8: TR | AZ8: TT | BA8: =U79 | BB8: =V79 | BC8: =W79 | BD8: =X79 | BE8: =Y79 | BF8: =Z79 | BI8: TT | BJ8: =AJ79 | BK8: =AK79 | BL8: =AL79 | BM8: =AM79 | BN8: =AN79 | BO8: =AO79
U9: =IF(D9="","",IF(UPPER(D9)="X","",D9)) | V9: =IF(E9="","",IF(UPPER(D9)="X",E9-1,E9-D9-1)) | W9: =IF(F9="","",F9-E9-1) | X9: =IF(G9="","",G9-F9-1) | Y9: =IF(H9="","",H9-G9-1) | Z9: =IF(I9="","",I9-H9-1) | AA9: =SUM(U9:Z9) | AJ9: =IF(L9="","",IF(UPPER(L9)="X","",L9)) | AK9: =IF(M9="","",IF(UPPER(L9)="X",M9-1,M9-L9-1)) | AL9: =IF(N9="","",N9-M9-1) | AM9: =IF(O9="","",O9-N9-1) | AN9: =IF(P9="","",P9-O9-1) | AO9: =IF(Q9="","",Q9-P9-1) | AP9: =SUM(AJ9:AO9) | AZ9: TP | BA9: =AB79 | BB9: =AC79 | BC9: =AD79 | BD9: =AE79 | BE9: =AF79 | BF9: =AG79 | BI9: TP | BJ9: =AQ79 | BK9: =AR79 | BL9: =AS79 | BM9: =AT79 | BN9: =AU79 | BO9: =AV79
U10: =IF(D10="","",D10-I9-1) | V10: =IF(E10="","",E10-D10-1) | W10: =IF(F10="","",F10-E10-1) | X10: =IF(G10="","",G10-F10-1) | Y10: =IF(H10="","",H10-G10-1) | Z10: =IF(I10="","",I10-H10-1) | AA10: =SUM(U10:Z10) | AJ10: =IF(L10="","",L10-Q9-1) | AK10: =IF(M10="","",M10-L10-1) | AL10: =IF(N10="","",N10-M10-1) | AM10: =IF(O10="","",O10-N10-1) | AN10: =IF(P10="","",P10-O10-1) | AO10: =IF(Q10="","",Q10-P10-1) | AP10: =SUM(AJ10:AO10) | AZ10: MP | BA10: =IF(BA8=0,0,BA9/BA8) | BB10: =IF(BB8=0,0,BB9/BB8) | BC10: =IF(BC8=0,0,BC9/BC8) | BD10: =IF(BD8=0,0,BD9/BD8) | BE10: =IF(BE8=0,0,BE9/BE8) | BF10: =IF(BF8=0,0,BF9/BF8) | BI10: MP | BJ10: =IF(BJ8=0,0,BJ9/BJ8) | BK10: =IF(BK8=0,0,BK9/BK8) | BL10: =IF(BL8=0,0,BL9/BL8) | BM10: =IF(BM8=0,0,BM9/BM8) | BN10: =IF(BN8=0,0,BN9/BN8) | BO10: =IF(BO8=0,0,BO9/BO8)
U11: =IF(D11="","",D11-I10-1) | V11: =IF(E11="","",E11-D11-1) | W11: =IF(F11="","",F11-E11-1) | X11: =IF(G11="","",G11-F11-1) | Y11: =IF(H11="","",H11-G11-1) | Z11: =IF(I11="","",I11-H11-1) | AA11: =SUM(U11:Z11) | AJ11: =IF(L11="","",L11-Q10-1) | AK11: =IF(M11="","",M11-L11-1) | AL11: =IF(N11="","",N11-M11-1) | AM11: =IF(O11="","",O11-N11-1) | AN11: =IF(P11="","",P11-O11-1) | AO11: =IF(Q11="","",Q11-P11-1) | AP11: =SUM(AJ11:AO11) | AZ11: %PT | BA11: =IF($BB$6=0,0,(BA9/$BB$6)*100) | BB11: =IF($BB$6=0,0,(BB9/$BB$6)*100) | BC11: =IF($BB$6=0,0,(BC9/$BB$6)*100) | BD11: =IF($BB$6=0,0,(BD9/$BB$6)*100) | BE11: =IF($BB$6=0,0,(BE9/$BB$6)*100) | BF11: =IF($BB$6=0,0,(BF9/$BB$6)*100) | BI11: %PT | BJ11: =IF($BK$6=0,0,(BJ9/$BB$6)*100) | BK11: =IF($BK$6=0,0,(BK9/$BB$6)*100) | BL11: =IF($BK$6=0,0,(BL9/$BB$6)*100) | BM11: =IF($BK$6=0,0,(BM9/$BB$6)*100) | BN11: =IF($BK$6=0,0,(BN9/$BB$6)*100) | BO11: =IF($BK$6=0,0,(BO9/$BB$6)*100)
U12: =IF(D12="","",D12-I11-1) | V12: =IF(E12="","",E12-D12-1) | W12: =IF(F12="","",F12-E12-1) | X12: =IF(G12="","",G12-F12-1) | Y12: =IF(H12="","",H12-G12-1) | Z12: =IF(I12="","",I12-H12-1) | AA12: =SUM(U12:Z12) | AJ12: =IF(L12="","",L12-Q11-1) | AK12: =IF(M12="","",M12-L12-1) | AL12: =IF(N12="","",N12-M12-1) | AM12: =IF(O12="","",O12-N12-1) | AN12: =IF(P12="","",P12-O12-1) | AO12: =IF(Q12="","",Q12-P12-1) | AP12: =SUM(AJ12:AO12) | AZ12: %=0 | BA12: =IF(BA$8=0,0,(AB82/BA$8)*100) | BB12: =IF(BB$8=0,0,(AC82/BB$8)*100) | BC12: =IF(BC$8=0,0,(AD82/BC$8)*100) | BD12: =IF(BD$8=0,0,(AE82/BD$8)*100) | BE12: =IF(BE$8=0,0,(AF82/BE$8)*100) | BF12: =IF(BF$8=0,0,(AG82/BF$8)*100) | BI12: %=0 | BJ12: =IF(BJ$8=0,0,(AQ82/BJ$8)*100) | BK12: =IF(BK$8=0,0,(AR82/BK$8)*100) | BL12: =IF(BL$8=0,0,(AS82/BL$8)*100) | BM12: =IF(BM$8=0,0,(AT82/BM$8)*100) | BN12: =IF(BN$8=0,0,(AU82/BN$8)*100) | BO12: =IF(BO$8=0,0,(AV82/BO$8)*100)
U13: =IF(D13="","",D13-I12-1) | V13: =IF(E13="","",E13-D13-1) | W13: =IF(F13="","",F13-E13-1) | X13: =IF(G13="","",G13-F13-1) | Y13: =IF(H13="","",H13-G13-1) | Z13: =IF(I13="","",I13-H13-1) | AA13: =SUM(U13:Z13) | AJ13: =IF(L13="","",L13-Q12-1) | AK13: =IF(M13="","",M13-L13-1) | AL13: =IF(N13="","",N13-M13-1) | AM13: =IF(O13="","",O13-N13-1) | AN13: =IF(P13="","",P13-O13-1) | AO13: =IF(Q13="","",Q13-P13-1) | AP13: =SUM(AJ13:AO13) | AZ13: %>0 | BA13: =IF(BA$8=0,0,(AB83/BA$8)*100) | BB13: =IF(BB$8=0,0,(AC83/BB$8)*100) | BC13: =IF(BC$8=0,0,(AD83/BC$8)*100) | BD13: =IF(BD$8=0,0,(AE83/BD$8)*100) | BE13: =IF(BE$8=0,0,(AF83/BE$8)*100) | BF13: =IF(BF$8=0,0,(AG83/BF$8)*100) | BI13: %>0 | BJ13: =IF(BJ$8=0,0,(AQ83/BJ$8)*100) | BK13: =IF(BK$8=0,0,(AR83/BK$8)*100) | BL13: =IF(BL$8=0,0,(AS83/BL$8)*100) | BM13: =IF(BM$8=0,0,(AT83/BM$8)*100) | BN13: =IF(BN$8=0,0,(AU83/BN$8)*100) | BO13: =IF(BO$8=0,0,(AV83/BO$8)*100)
U14: =IF(D14="","",D14-I13-1) | V14: =IF(E14="","",E14-D14-1) | W14: =IF(F14="","",F14-E14-1) | X14: =IF(G14="","",G14-F14-1) | Y14: =IF(H14="","",H14-G14-1) | Z14: =IF(I14="","",I14-H14-1) | AA14: =SUM(U14:Z14) | AJ14: =IF(L14="","",L14-Q13-1) | AK14: =IF(M14="","",M14-L14-1) | AL14: =IF(N14="","",N14-M14-1) | AM14: =IF(O14="","",O14-N14-1) | AN14: =IF(P14="","",P14-O14-1) | AO14: =IF(Q14="","",Q14-P14-1) | AP14: =SUM(AJ14:AO14) | AZ14: %>1 | BA14: =IF(BA$8=0,0,(AB84/BA$8)*100) | BB14: =IF(BB$8=0,0,(AC84/BB$8)*100) | BC14: =IF(BC$8=0,0,(AD84/BC$8)*100) | BD14: =IF(BD$8=0,0,(AE84/BD$8)*100) | BE14: =IF(BE$8=0,0,(AF84/BE$8)*100) | BF14: =IF(BF$8=0,0,(AG84/BF$8)*100) | BI14: %>1 | BJ14: =IF(BJ$8=0,0,(AQ84/BJ$8)*100) | BK14: =IF(BK$8=0,0,(AR84/BK$8)*100) | BL14: =IF(BL$8=0,0,(AS84/BL$8)*100) | BM14: =IF(BM$8=0,0,(AT84/BM$8)*100) | BN14: =IF(BN$8=0,0,(AU84/BN$8)*100) | BO14: =IF(BO$8=0,0,(AV84/BO$8)*100)
U15: =COUNTIF(U9:U14,">=0") | V15: =COUNTIF(V9:V14,">=0") | W15: =COUNTIF(W9:W14,">=0") | X15: =COUNTIF(X9:X14,">=0") | Y15: =COUNTIF(Y9:Y14,">=0") | Z15: =COUNTIF(Z9:Z14,">=0") | AA15: =SUM(AA9:AA14) | AB15: =IF(OR(AD7=0,AD7=""),"",(AA15/AD7)*100) | AJ15: =COUNTIF(AJ9:AJ14,">=0") | AK15: =COUNTIF(AK9:AK14,">=0") | AL15: =COUNTIF(AL9:AL14,">=0") | AM15: =COUNTIF(AM9:AM14,">=0") | AN15: =COUNTIF(AN9:AN14,">=0") | AO15: =COUNTIF(AO9:AO14,">=0") | AP15: =SUM(AP9:AP14) | AQ15: =IF(OR(AS7=0,AS7=""),"",(AP15/AS7)*100)
U16: =SUM(U9:U14) | V16: =SUM(V9:V14) | W16: =SUM(W9:W14) | X16: =SUM(X9:X14) | Y16: =SUM(Y9:Y14) | Z16: =SUM(Z9:Z14) | AJ16: =SUM(AJ9:AJ14) | AK16: =SUM(AK9:AK14) | AL16: =SUM(AL9:AL14) | AM16: =SUM(AM9:AM14) | AN16: =SUM(AN9:AN14) | AO16: =SUM(AO9:AO14)
U17: =IF($AA15=0,0,(U16/$AA15)*100) | V17: =IF($AA15=0,0,(V16/$AA15)*100) | W17: =IF($AA15=0,0,(W16/$AA15)*100) | X17: =IF($AA15=0,0,(X16/$AA15)*100) | Y17: =IF($AA15=0,0,(Y16/$AA15)*100) | Z17: =IF($AA15=0,0,(Z16/$AA15)*100) | AA17: PR% | AJ17: =IF($AP15=0,0,(AJ16/$AP15)*100) | AK17: =IF($AP15=0,0,(AK16/$AP15)*100) | AL17: =IF($AP15=0,0,(AL16/$AP15)*100) | AM17: =IF($AP15=0,0,(AM16/$AP15)*100) | AN17: =IF($AP15=0,0,(AN16/$AP15)*100) | AO17: =IF($AP15=0,0,(AO16/$AP15)*100) | AP17: PR%
A18: SET II
D19: =IF($D$7="","",$D$7) | L19: =IF($L$7="","",$L$7) | U19: =IF($B20="","",$B20) | V19: =IF(U19="","",IF(U19=1,6,U19-1)) | W19: =IF(V19="","",IF(V19=1,6,V19-1)) | X19: =IF(W19="","",IF(W19=1,6,W19-1)) | Y19: =IF(X19="","",IF(X19=1,6,X19-1)) | Z19: =IF(Y19="","",IF(Y19=1,6,Y19-1)) | AA19: P | AB19: SET II | AD19: =IF(D21="","",MAX(D21:I26)) | AJ19: =IF($B20="","",$B20) | AK19: =IF(AJ19="","",IF(AJ19=1,6,AJ19-1)) | AL19: =IF(AK19="","",IF(AK19=1,6,AK19-1)) | AM19: =IF(AL19="","",IF(AL19=1,6,AL19-1)) | AN19: =IF(AM19="","",IF(AM19=1,6,AM19-1)) | AO19: =IF(AN19="","",IF(AN19=1,6,AN19-1)) | AP19: P | AQ19: SET II | AS19: =IF(L21="","",MAX(L21:Q26))
A20: P | D20: I | E20: II | F20: III | G20: IV | H20: V | I20: VI | L20: I | M20: II | N20: III | O20: IV | P20: V | Q20: VI | U20: I | V20: II | W20: III | X20: IV | Y20: V | Z20: VI | AA20: TR | AJ20: I | AK20: II | AL20: III | AM20: IV | AN20: V | AO20: VI | AP20: TR
U21: =IF(D21="","",IF(UPPER(D21)="X","",D21)) | V21: =IF(E21="","",IF(UPPER(D21)="X",E21-1,E21-D21-1)) | W21: =IF(F21="","",F21-E21-1) | X21: =IF(G21="","",G21-F21-1) | Y21: =IF(H21="","",H21-G21-1) | Z21: =IF(I21="","",I21-H21-1) | AA21: =SUM(U21:Z21) | AJ21: =IF(L21="","",IF(UPPER(L21)="X","",L21)) | AK21: =IF(M21="","",IF(UPPER(L21)="X",M21-1,M21-L21-1)) | AL21: =IF(N21="","",N21-M21-1) | AM21: =IF(O21="","",O21-N21-1) | AN21: =IF(P21="","",P21-O21-1) | AO21: =IF(Q21="","",Q21-P21-1) | AP21: =SUM(AJ21:AO21)
U22: =IF(D22="","",D22-I21-1) | V22: =IF(E22="","",E22-D22-1) | W22: =IF(F22="","",F22-E22-1) | X22: =IF(G22="","",G22-F22-1) | Y22: =IF(H22="","",H22-G22-1) | Z22: =IF(I22="","",I22-H22-1) | AA22: =SUM(U22:Z22) | AJ22: =IF(L22="","",L22-Q21-1) | AK22: =IF(M22="","",M22-L22-1) | AL22: =IF(N22="","",N22-M22-1) | AM22: =IF(O22="","",O22-N22-1) | AN22: =IF(P22="","",P22-O22-1) | AO22: =IF(Q22="","",Q22-P22-1) | AP22: =SUM(AJ22:AO22)
U23: =IF(D23="","",D23-I22-1) | V23: =IF(E23="","",E23-D23-1) | W23: =IF(F23="","",F23-E23-1) | X23: =IF(G23="","",G23-F23-1) | Y23: =IF(H23="","",H23-G23-1) | Z23: =IF(I23="","",I23-H23-1) | AA23: =SUM(U23:Z23) | AJ23: =IF(L23="","",L23-Q22-1) | AK23: =IF(M23="","",M23-L23-1) | AL23: =IF(N23="","",N23-M23-1) | AM23: =IF(O23="","",O23-N23-1) | AN23: =IF(P23="","",P23-O23-1) | AO23: =IF(Q23="","",Q23-P23-1) | AP23: =SUM(AJ23:AO23)
U24: =IF(D24="","",D24-I23-1) | V24: =IF(E24="","",E24-D24-1) | W24: =IF(F24="","",F24-E24-1) | X24: =IF(G24="","",G24-F24-1) | Y24: =IF(H24="","",H24-G24-1) | Z24: =IF(I24="","",I24-H24-1) | AA24: =SUM(U24:Z24) | AJ24: =IF(L24="","",L24-Q23-1) | AK24: =IF(M24="","",M24-L24-1) | AL24: =IF(N24="","",N24-M24-1) | AM24: =IF(O24="","",O24-N24-1) | AN24: =IF(P24="","",P24-O24-1) | AO24: =IF(Q24="","",Q24-P24-1) | AP24: =SUM(AJ24:AO24)
U25: =IF(D25="","",D25-I24-1) | V25: =IF(E25="","",E25-D25-1) | W25: =IF(F25="","",F25-E25-1) | X25: =IF(G25="","",G25-F25-1) | Y25: =IF(H25="","",H25-G25-1) | Z25: =IF(I25="","",I25-H25-1) | AA25: =SUM(U25:Z25) | AJ25: =IF(L25="","",L25-Q24-1) | AK25: =IF(M25="","",M25-L25-1) | AL25: =IF(N25="","",N25-M25-1) | AM25: =IF(O25="","",O25-N25-1) | AN25: =IF(P25="","",P25-O25-1) | AO25: =IF(Q25="","",Q25-P25-1) | AP25: =SUM(AJ25:AO25)
U26: =IF(D26="","",D26-I25-1) | V26: =IF(E26="","",E26-D26-1) | W26: =IF(F26="","",F26-E26-1) | X26: =IF(G26="","",G26-F26-1) | Y26: =IF(H26="","",H26-G26-1) | Z26: =IF(I26="","",I26-H26-1) | AA26: =SUM(U26:Z26) | AJ26: =IF(L26="","",L26-Q25-1) | AK26: =IF(M26="","",M26-L26-1) | AL26: =IF(N26="","",N26-M26-1) | AM26: =IF(O26="","",O26-N26-1) | AN26: =IF(P26="","",P26-O26-1) | AO26: =IF(Q26="","",Q26-P26-1) | AP26: =SUM(AJ26:AO26)
U27: =COUNTIF(U21:U26,">=0") | V27: =COUNTIF(V21:V26,">=0") | W27: =COUNTIF(W21:W26,">=0") | X27: =COUNTIF(X21:X26,">=0") | Y27: =COUNTIF(Y21:Y26,">=0") | Z27: =COUNTIF(Z21:Z26,">=0") | AA27: =SUM(AA21:AA26) | AB27: =IF(OR(AD19=0,AD19=""),"",(AA27/AD19)*100) | AJ27: =COUNTIF(AJ21:AJ26,">=0") | AK27: =COUNTIF(AK21:AK26,">=0") | AL27: =COUNTIF(AL21:AL26,">=0") | AM27: =COUNTIF(AM21:AM26,">=0") | AN27: =COUNTIF(AN21:AN26,">=0") | AO27: =COUNTIF(AO21:AO26,">=0") | AP27: =SUM(AP21:AP26) | AQ27: =IF(OR(AS19=0,AS19=""),"",(AP27/AS19)*100)
U28: =SUM(U21:U26) | V28: =SUM(V21:V26) | W28: =SUM(W21:W26) | X28: =SUM(X21:X26) | Y28: =SUM(Y21:Y26) | Z28: =SUM(Z21:Z26) | AJ28: =SUM(AJ21:AJ26) | AK28: =SUM(AK21:AK26) | AL28: =SUM(AL21:AL26) | AM28: =SUM(AM21:AM26) | AN28: =SUM(AN21:AN26) | AO28: =SUM(AO21:AO26)
U29: =IF($AA27=0,0,(U28/$AA27)*100) | V29: =IF($AA27=0,0,(V28/$AA27)*100) | W29: =IF($AA27=0,0,(W28/$AA27)*100) | X29: =IF($AA27=0,0,(X28/$AA27)*100) | Y29: =IF($AA27=0,0,(Y28/$AA27)*100) | Z29: =IF($AA27=0,0,(Z28/$AA27)*100) | AA29: PR% | AJ29: =IF($AP27=0,0,(AJ28/$AP27)*100) | AK29: =IF($AP27=0,0,(AK28/$AP27)*100) | AL29: =IF($AP27=0,0,(AL28/$AP27)*100) | AM29: =IF($AP27=0,0,(AM28/$AP27)*100) | AN29: =IF($AP27=0,0,(AN28/$AP27)*100) | AO29: =IF($AP27=0,0,(AO28/$AP27)*100) | AP29: PR%
A30: SET III
D31: =D19 | L31: =L19 | U31: =IF($B32="","",$B32) | V31: =IF(U31="","",IF(U31=1,6,U31-1)) | W31: =IF(V31="","",IF(V31=1,6,V31-1)) | X31: =IF(W31="","",IF(W31=1,6,W31-1)) | Y31: =IF(X31="","",IF(X31=1,6,X31-1)) | Z31: =IF(Y31="","",IF(Y31=1,6,Y31-1)) | AA31: P | AB31: SET III | AD31: =IF(D33="","",MAX(D33:I38)) | AJ31: =IF($B32="","",$B32) | AK31: =IF(AJ31="","",IF(AJ31=1,6,AJ31-1)) | AL31: =IF(AK31="","",IF(AK31=1,6,AK31-1)) | AM31: =IF(AL31="","",IF(AL31=1,6,AL31-1)) | AN31: =IF(AM31="","",IF(AM31=1,6,AM31-1)) | AO31: =IF(AN31="","",IF(AN31=1,6,AN31-1)) | AP31: P | AQ31: SET III | AS31: =IF(L33="","",MAX(L33:Q38))
A32: P | D32: I | E32: II | F32: III | G32: IV | H32: V | I32: VI | L32: I | M32: II | N32: III | O32: IV | P32: V | Q32: VI | U32: I | V32: II | W32: III | X32: IV | Y32: V | Z32: VI | AA32: TR | AJ32: I | AK32: II | AL32: III | AM32: IV | AN32: V | AO32: VI | AP32: TR
U33: =IF(D33="","",IF(UPPER(D33)="X","",D33)) | V33: =IF(E33="","",IF(UPPER(D33)="X",E33-1,E33-D33-1)) | W33: =IF(F33="","",F33-E33-1) | X33: =IF(G33="","",G33-F33-1) | Y33: =IF(H33="","",H33-G33-1) | Z33: =IF(I33="","",I33-H33-1) | AA33: =SUM(U33:Z33) | AJ33: =IF(L33="","",IF(UPPER(L33)="X","",L33)) | AK33: =IF(M33="","",IF(UPPER(L33)="X",M33-1,M33-L33-1)) | AL33: =IF(N33="","",N33-M33-1) | AM33: =IF(O33="","",O33-N33-1) | AN33: =IF(P33="","",P33-O33-1) | AO33: =IF(Q33="","",Q33-P33-1) | AP33: =SUM(AJ33:AO33)
U34: =IF(D34="","",D34-I33-1) | V34: =IF(E34="","",E34-D34-1) | W34: =IF(F34="","",F34-E34-1) | X34: =IF(G34="","",G34-F34-1) | Y34: =IF(H34="","",H34-G34-1) | Z34: =IF(I34="","",I34-H34-1) | AA34: =SUM(U34:Z34) | AJ34: =IF(L34="","",L34-Q33-1) | AK34: =IF(M34="","",M34-L34-1) | AL34: =IF(N34="","",N34-M34-1) | AM34: =IF(O34="","",O34-N34-1) | AN34: =IF(P34="","",P34-O34-1) | AO34: =IF(Q34="","",Q34-P34-1) | AP34: =SUM(AJ34:AO34)
U35: =IF(D35="","",D35-I34-1) | V35: =IF(E35="","",E35-D35-1) | W35: =IF(F35="","",F35-E35-1) | X35: =IF(G35="","",G35-F35-1) | Y35: =IF(H35="","",H35-G35-1) | Z35: =IF(I35="","",I35-H35-1) | AA35: =SUM(U35:Z35) | AJ35: =IF(L35="","",L35-Q34-1) | AK35: =IF(M35="","",M35-L35-1) | AL35: =IF(N35="","",N35-M35-1) | AM35: =IF(O35="","",O35-N35-1) | AN35: =IF(P35="","",P35-O35-1) | AO35: =IF(Q35="","",Q35-P35-1) | AP35: =SUM(AJ35:AO35)
U36: =IF(D36="","",D36-I35-1) | V36: =IF(E36="","",E36-D36-1) | W36: =IF(F36="","",F36-E36-1) | X36: =IF(G36="","",G36-F36-1) | Y36: =IF(H36="","",H36-G36-1) | Z36: =IF(I36="","",I36-H36-1) | AA36: =SUM(U36:Z36) | AJ36: =IF(L36="","",L36-Q35-1) | AK36: =IF(M36="","",M36-L36-1) | AL36: =IF(N36="","",N36-M36-1) | AM36: =IF(O36="","",O36-N36-1) | AN36: =IF(P36="","",P36-O36-1) | AO36: =IF(Q36="","",Q36-P36-1) | AP36: =SUM(AJ36:AO36)
U37: =IF(D37="","",D37-I36-1) | V37: =IF(E37="","",E37-D37-1) | W37: =IF(F37="","",F37-E37-1) | X37: =IF(G37="","",G37-F37-1) | Y37: =IF(H37="","",H37-G37-1) | Z37: =IF(I37="","",I37-H37-1) | AA37: =SUM(U37:Z37) | AJ37: =IF(L37="","",L37-Q36-1) | AK37: =IF(M37="","",M37-L37-1) | AL37: =IF(N37="","",N37-M37-1) | AM37: =IF(O37="","",O37-N37-1) | AN37: =IF(P37="","",P37-O37-1) | AO37: =IF(Q37="","",Q37-P37-1) | AP37: =SUM(AJ37:AO37)
U38: =IF(D38="","",D38-I37-1) | V38: =IF(E38="","",E38-D38-1) | W38: =IF(F38="","",F38-E38-1) | X38: =IF(G38="","",G38-F38-1) | Y38: =IF(H38="","",H38-G38-1) | Z38: =IF(I38="","",I38-H38-1) | AA38: =SUM(U38:Z38) | AJ38: =IF(L38="","",L38-Q37-1) | AK38: =IF(M38="","",M38-L38-1) | AL38: =IF(N38="","",N38-M38-1) | AM38: =IF(O38="","",O38-N38-1) | AN38: =IF(P38="","",P38-O38-1) | AO38: =IF(Q38="","",Q38-P38-1) | AP38: =SUM(AJ38:AO38)
U39: =COUNTIF(U33:U38,">=0") | V39: =COUNTIF(V33:V38,">=0") | W39: =COUNTIF(W33:W38,">=0") | X39: =COUNTIF(X33:X38,">=0") | Y39: =COUNTIF(Y33:Y38,">=0") | Z39: =COUNTIF(Z33:Z38,">=0") | AA39: =SUM(AA33:AA38) | AB39: =IF(OR(AD31=0,AD31=""),"",(AA39/AD31)*100) | AJ39: =COUNTIF(AJ33:AJ38,">=0") | AK39: =COUNTIF(AK33:AK38,">=0") | AL39: =COUNTIF(AL33:AL38,">=0") | AM39: =COUNTIF(AM33:AM38,">=0") | AN39: =COUNTIF(AN33:AN38,">=0") | AO39: =COUNTIF(AO33:AO38,">=0") | AP39: =SUM(AP33:AP38) | AQ39: =IF(OR(AS31=0,AS31=""),"",(AP39/AS31)*100)
U40: =SUM(U33:U38) | V40: =SUM(V33:V38) | W40: =SUM(W33:W38) | X40: =SUM(X33:X38) | Y40: =SUM(Y33:Y38) | Z40: =SUM(Z33:Z38) | AJ40: =SUM(AJ33:AJ38) | AK40: =SUM(AK33:AK38) | AL40: =SUM(AL33:AL38) | AM40: =SUM(AM33:AM38) | AN40: =SUM(AN33:AN38) | AO40: =SUM(AO33:AO38)
U41: =IF($AA39=0,0,(U40/$AA39)*100) | V41: =IF($AA39=0,0,(V40/$AA39)*100) | W41: =IF($AA39=0,0,(W40/$AA39)*100) | X41: =IF($AA39=0,0,(X40/$AA39)*100) | Y41: =IF($AA39=0,0,(Y40/$AA39)*100) | Z41: =IF($AA39=0,0,(Z40/$AA39)*100) | AA41: PR% | AJ41: =IF($AP39=0,0,(AJ40/$AP39)*100) | AK41: =IF($AP39=0,0,(AK40/$AP39)*100) | AL41: =IF($AP39=0,0,(AL40/$AP39)*100) | AM41: =IF($AP39=0,0,(AM40/$AP39)*100) | AN41: =IF($AP39=0,0,(AN40/$AP39)*100) | AO41: =IF($AP39=0,0,(AO40/$AP39)*100) | AP41: PR%
A42: SET IV
D43: =D31 | L43: =L31 | U43: =IF($B44="","",$B44) | V43: =IF(U43="","",IF(U43=1,6,U43-1)) | W43: =IF(V43="","",IF(V43=1,6,V43-1)) | X43: =IF(W43="","",IF(W43=1,6,W43-1)) | Y43: =IF(X43="","",IF(X43=1,6,X43-1)) | Z43: =IF(Y43="","",IF(Y43=1,6,Y43-1)) | AA43: P | AB43: SET IV | AD43: =IF(D45="","",MAX(D45:I50)) | AJ43: =IF($B44="","",$B44) | AK43: =IF(AJ43="","",IF(AJ43=1,6,AJ43-1)) | AL43: =IF(AK43="","",IF(AK43=1,6,AK43-1)) | AM43: =IF(AL43="","",IF(AL43=1,6,AL43-1)) | AN43: =IF(AM43="","",IF(AM43=1,6,AM43-1)) | AO43: =IF(AN43="","",IF(AN43=1,6,AN43-1)) | AP43: P | AQ43: SET IV | AS43: =IF(L45="","",MAX(L45:Q50))
A44: P | D44: I | E44: II | F44: III | G44: IV | H44: V | I44: VI | L44: I | M44: II | N44: III | O44: IV | P44: V | Q44: VI | U44: I | V44: II | W44: III | X44: IV | Y44: V | Z44: VI | AA44: TR | AJ44: I | AK44: II | AL44: III | AM44: IV | AN44: V | AO44: VI | AP44: TR
U45: =IF(D45="","",IF(UPPER(D45)="X","",D45)) | V45: =IF(E45="","",IF(UPPER(D45)="X",E45-1,E45-D45-1)) | W45: =IF(F45="","",F45-E45-1) | X45: =IF(G45="","",G45-F45-1) | Y45: =IF(H45="","",H45-G45-1) | Z45: =IF(I45="","",I45-H45-1) | AA45: =SUM(U45:Z45) | AJ45: =IF(L45="","",IF(UPPER(L45)="X","",L45)) | AK45: =IF(M45="","",IF(UPPER(L45)="X",M45-1,M45-L45-1)) | AL45: =IF(N45="","",N45-M45-1) | AM45: =IF(O45="","",O45-N45-1) | AN45: =IF(P45="","",P45-O45-1) | AO45: =IF(Q45="","",Q45-P45-1) | AP45: =SUM(AJ45:AO45)
U46: =IF(D46="","",D46-I45-1) | V46: =IF(E46="","",E46-D46-1) | W46: =IF(F46="","",F46-E46-1) | X46: =IF(G46="","",G46-F46-1) | Y46: =IF(H46="","",H46-G46-1) | Z46: =IF(I46="","",I46-H46-1) | AA46: =SUM(U46:Z46) | AJ46: =IF(L46="","",L46-Q45-1) | AK46: =IF(M46="","",M46-L46-1) | AL46: =IF(N46="","",N46-M46-1) | AM46: =IF(O46="","",O46-N46-1) | AN46: =IF(P46="","",P46-O46-1) | AO46: =IF(Q46="","",Q46-P46-1) | AP46: =SUM(AJ46:AO46)
U47: =IF(D47="","",D47-I46-1) | V47: =IF(E47="","",E47-D47-1) | W47: =IF(F47="","",F47-E47-1) | X47: =IF(G47="","",G47-F47-1) | Y47: =IF(H47="","",H47-G47-1) | Z47: =IF(I47="","",I47-H47-1) | AA47: =SUM(U47:Z47) | AJ47: =IF(L47="","",L47-Q46-1) | AK47: =IF(M47="","",M47-L47-1) | AL47: =IF(N47="","",N47-M47-1) | AM47: =IF(O47="","",O47-N47-1) | AN47: =IF(P47="","",P47-O47-1) | AO47: =IF(Q47="","",Q47-P47-1) | AP47: =SUM(AJ47:AO47)
U48: =IF(D48="","",D48-I47-1) | V48: =IF(E48="","",E48-D48-1) | W48: =IF(F48="","",F48-E48-1) | X48: =IF(G48="","",G48-F48-1) | Y48: =IF(H48="","",H48-G48-1) | Z48: =IF(I48="","",I48-H48-1) | AA48: =SUM(U48:Z48) | AJ48: =IF(L48="","",L48-Q47-1) | AK48: =IF(M48="","",M48-L48-1) | AL48: =IF(N48="","",N48-M48-1) | AM48: =IF(O48="","",O48-N48-1) | AN48: =IF(P48="","",P48-O48-1) | AO48: =IF(Q48="","",Q48-P48-1) | AP48: =SUM(AJ48:AO48)
U49: =IF(D49="","",D49-I48-1) | V49: =IF(E49="","",E49-D49-1) | W49: =IF(F49="","",F49-E49-1) | X49: =IF(G49="","",G49-F49-1) | Y49: =IF(H49="","",H49-G49-1) | Z49: =IF(I49="","",I49-H49-1) | AA49: =SUM(U49:Z49) | AJ49: =IF(L49="","",L49-Q48-1) | AK49: =IF(M49="","",M49-L49-1) | AL49: =IF(N49="","",N49-M49-1) | AM49: =IF(O49="","",O49-N49-1) | AN49: =IF(P49="","",P49-O49-1) | AO49: =IF(Q49="","",Q49-P49-1) | AP49: =SUM(AJ49:AO49)
U50: =IF(D50="","",D50-I49-1) | V50: =IF(E50="","",E50-D50-1) | W50: =IF(F50="","",F50-E50-1) | X50: =IF(G50="","",G50-F50-1) | Y50: =IF(H50="","",H50-G50-1) | Z50: =IF(I50="","",I50-H50-1) | AA50: =SUM(U50:Z50) | AJ50: =IF(L50="","",L50-Q49-1) | AK50: =IF(M50="","",M50-L50-1) | AL50: =IF(N50="","",N50-M50-1) | AM50: =IF(O50="","",O50-N50-1) | AN50: =IF(P50="","",P50-O50-1) | AO50: =IF(Q50="","",Q50-P50-1) | AP50: =SUM(AJ50:AO50)
U51: =COUNTIF(U45:U50,">=0") | V51: =COUNTIF(V45:V50,">=0") | W51: =COUNTIF(W45:W50,">=0") | X51: =COUNTIF(X45:X50,">=0") | Y51: =COUNTIF(Y45:Y50,">=0") | Z51: =COUNTIF(Z45:Z50,">=0") | AA51: =SUM(AA45:AA50) | AB51: =IF(OR(AD43=0,AD43=""),"",(AA51/AD43)*100) | AJ51: =COUNTIF(AJ45:AJ50,">=0") | AK51: =COUNTIF(AK45:AK50,">=0") | AL51: =COUNTIF(AL45:AL50,">=0") | AM51: =COUNTIF(AM45:AM50,">=0") | AN51: =COUNTIF(AN45:AN50,">=0") | AO51: =COUNTIF(AO45:AO50,">=0") | AP51: =SUM(AP45:AP50) | AQ51: =IF(OR(AS43=0,AS43=""),"",(AP51/AS43)*100)
U52: =SUM(U45:U50) | V52: =SUM(V45:V50) | W52: =SUM(W45:W50) | X52: =SUM(X45:X50) | Y52: =SUM(Y45:Y50) | Z52: =SUM(Z45:Z50) | AJ52: =SUM(AJ45:AJ50) | AK52: =SUM(AK45:AK50) | AL52: =SUM(AL45:AL50) | AM52: =SUM(AM45:AM50) | AN52: =SUM(AN45:AN50) | AO52: =SUM(AO45:AO50)
U53: =IF($AA51=0,0,(U52/$AA51)*100) | V53: =IF($AA51=0,0,(V52/$AA51)*100) | W53: =IF($AA51=0,0,(W52/$AA51)*100) | X53: =IF($AA51=0,0,(X52/$AA51)*100) | Y53: =IF($AA51=0,0,(Y52/$AA51)*100) | Z53: =IF($AA51=0,0,(Z52/$AA51)*100) | AA53: PR% | AJ53: =IF($AP51=0,0,(AJ52/$AP51)*100) | AK53: =IF($AP51=0,0,(AK52/$AP51)*100) | AL53: =IF($AP51=0,0,(AL52/$AP51)*100) | AM53: =IF($AP51=0,0,(AM52/$AP51)*100) | AN53: =IF($AP51=0,0,(AN52/$AP51)*100) | AO53: =IF($AP51=0,0,(AO52/$AP51)*100) | AP53: PR%
A54: SET V
D55: =D43 | L55: =L43 | U55: =IF($B56="","",$B56) | V55: =IF(U55="","",IF(U55=1,6,U55-1)) | W55: =IF(V55="","",IF(V55=1,6,V55-1)) | X55: =IF(W55="","",IF(W55=1,6,W55-1)) | Y55: =IF(X55="","",IF(X55=1,6,X55-1)) | Z55: =IF(Y55="","",IF(Y55=1,6,Y55-1)) | AA55: P | AB55: SET V | AD55: =IF(D57="","",MAX(D57:I62)) | AJ55: =IF($B56="","",$B56) | AK55: =IF(AJ55="","",IF(AJ55=1,6,AJ55-1)) | AL55: =IF(AK55="","",IF(AK55=1,6,AK55-1)) | AM55: =IF(AL55="","",IF(AL55=1,6,AL55-1)) | AN55: =IF(AM55="","",IF(AM55=1,6,AM55-1)) | AO55: =IF(AN55="","",IF(AN55=1,6,AN55-1)) | AP55: P | AQ55: SET V | AS55: =IF(L57="","",MAX(L57:Q62))
A56: P | D56: I | E56: II | F56: III | G56: IV | H56: V | I56: VI | L56: I | M56: II | N56: III | O56: IV | P56: V | Q56: VI | U56: I | V56: II | W56: III | X56: IV | Y56: V | Z56: VI | AA56: TR | AJ56: I | AK56: II | AL56: III | AM56: IV | AN56: V | AO56: VI | AP56: TR
U57: =IF(D57="","",IF(UPPER(D57)="X","",D57)) | V57: =IF(E57="","",IF(UPPER(D57)="X",E57-1,E57-D57-1)) | W57: =IF(F57="","",F57-E57-1) | X57: =IF(G57="","",G57-F57-1) | Y57: =IF(H57="","",H57-G57-1) | Z57: =IF(I57="","",I57-H57-1) | AA57: =SUM(U57:Z57) | AJ57: =IF(L57="","",IF(UPPER(L57)="X","",L57)) | AK57: =IF(M57="","",IF(UPPER(L57)="X",M57-1,M57-L57-1)) | AL57: =IF(N57="","",N57-M57-1) | AM57: =IF(O57="","",O57-N57-1) | AN57: =IF(P57="","",P57-O57-1) | AO57: =IF(Q57="","",Q57-P57-1) | AP57: =SUM(AJ57:AO57)
U58: =IF(D58="","",D58-I57-1) | V58: =IF(E58="","",E58-D58-1) | W58: =IF(F58="","",F58-E58-1) | X58: =IF(G58="","",G58-F58-1) | Y58: =IF(H58="","",H58-G58-1) | Z58: =IF(I58="","",I58-H58-1) | AA58: =SUM(U58:Z58) | AJ58: =IF(L58="","",L58-Q57-1) | AK58: =IF(M58="","",M58-L58-1) | AL58: =IF(N58="","",N58-M58-1) | AM58: =IF(O58="","",O58-N58-1) | AN58: =IF(P58="","",P58-O58-1) | AO58: =IF(Q58="","",Q58-P58-1) | AP58: =SUM(AJ58:AO58)
U59: =IF(D59="","",D59-I58-1) | V59: =IF(E59="","",E59-D59-1) | W59: =IF(F59="","",F59-E59-1) | X59: =IF(G59="","",G59-F59-1) | Y59: =IF(H59="","",H59-G59-1) | Z59: =IF(I59="","",I59-H59-1) | AA59: =SUM(U59:Z59) | AJ59: =IF(L59="","",L59-Q58-1) | AK59: =IF(M59="","",M59-L59-1) | AL59: =IF(N59="","",N59-M59-1) | AM59: =IF(O59="","",O59-N59-1) | AN59: =IF(P59="","",P59-O59-1) | AO59: =IF(Q59="","",Q59-P59-1) | AP59: =SUM(AJ59:AO59)
U60: =IF(D60="","",D60-I59-1) | V60: =IF(E60="","",E60-D60-1) | W60: =IF(F60="","",F60-E60-1) | X60: =IF(G60="","",G60-F60-1) | Y60: =IF(H60="","",H60-G60-1) | Z60: =IF(I60="","",I60-H60-1) | AA60: =SUM(U60:Z60) | AJ60: =IF(L60="","",L60-Q59-1) | AK60: =IF(M60="","",M60-L60-1) | AL60: =IF(N60="","",N60-M60-1) | AM60: =IF(O60="","",O60-N60-1) | AN60: =IF(P60="","",P60-O60-1) | AO60: =IF(Q60="","",Q60-P60-1) | AP60: =SUM(AJ60:AO60)
U61: =IF(D61="","",D61-I60-1) | V61: =IF(E61="","",E61-D61-1) | W61: =IF(F61="","",F61-E61-1) | X61: =IF(G61="","",G61-F61-1) | Y61: =IF(H61="","",H61-G61-1) | Z61: =IF(I61="","",I61-H61-1) | AA61: =SUM(U61:Z61) | AJ61: =IF(L61="","",L61-Q60-1) | AK61: =IF(M61="","",M61-L61-1) | AL61: =IF(N61="","",N61-M61-1) | AM61: =IF(O61="","",O61-N61-1) | AN61: =IF(P61="","",P61-O61-1) | AO61: =IF(Q61="","",Q61-P61-1) | AP61: =SUM(AJ61:AO61)
U62: =IF(D62="","",D62-I61-1) | V62: =IF(E62="","",E62-D62-1) | W62: =IF(F62="","",F62-E62-1) | X62: =IF(G62="","",G62-F62-1) | Y62: =IF(H62="","",H62-G62-1) | Z62: =IF(I62="","",I62-H62-1) | AA62: =SUM(U62:Z62) | AJ62: =IF(L62="","",L62-Q61-1) | AK62: =IF(M62="","",M62-L62-1) | AL62: =IF(N62="","",N62-M62-1) | AM62: =IF(O62="","",O62-N62-1) | AN62: =IF(P62="","",P62-O62-1) | AO62: =IF(Q62="","",Q62-P62-1) | AP62: =SUM(AJ62:AO62)
U63: =COUNTIF(U57:U62,">=0") | V63: =COUNTIF(V57:V62,">=0") | W63: =COUNTIF(W57:W62,">=0") | X63: =COUNTIF(X57:X62,">=0") | Y63: =COUNTIF(Y57:Y62,">=0") | Z63: =COUNTIF(Z57:Z62,">=0") | AA63: =SUM(AA57:AA62) | AB63: =IF(OR(AD55=0,AD55=""),"",(AA63/AD55)*100) | AJ63: =COUNTIF(AJ57:AJ62,">=0") | AK63: =COUNTIF(AK57:AK62,">=0") | AL63: =COUNTIF(AL57:AL62,">=0") | AM63: =COUNTIF(AM57:AM62,">=0") | AN63: =COUNTIF(AN57:AN62,">=0") | AO63: =COUNTIF(AO57:AO62,">=0") | AP63: =SUM(AP57:AP62) | AQ63: =IF(OR(AS55=0,AS55=""),"",(AP63/AS55)*100)
U64: =SUM(U57:U62) | V64: =SUM(V57:V62) | W64: =SUM(W57:W62) | X64: =SUM(X57:X62) | Y64: =SUM(Y57:Y62) | Z64: =SUM(Z57:Z62) | AJ64: =SUM(AJ57:AJ62) | AK64: =SUM(AK57:AK62) | AL64: =SUM(AL57:AL62) | AM64: =SUM(AM57:AM62) | AN64: =SUM(AN57:AN62) | AO64: =SUM(AO57:AO62)
U65: =IF($AA63=0,0,(U64/$AA63)*100) | V65: =IF($AA63=0,0,(V64/$AA63)*100) | W65: =IF($AA63=0,0,(W64/$AA63)*100) | X65: =IF($AA63=0,0,(X64/$AA63)*100) | Y65: =IF($AA63=0,0,(Y64/$AA63)*100) | Z65: =IF($AA63=0,0,(Z64/$AA63)*100) | AA65: PR% | AJ65: =IF($AP63=0,0,(AJ64/$AP63)*100) | AK65: =IF($AP63=0,0,(AK64/$AP63)*100) | AL65: =IF($AP63=0,0,(AL64/$AP63)*100) | AM65: =IF($AP63=0,0,(AM64/$AP63)*100) | AN65: =IF($AP63=0,0,(AN64/$AP63)*100) | AO65: =IF($AP63=0,0,(AO64/$AP63)*100) | AP65: PR%
S72: SET | U72: TURNI PER ROTAZIONE | AB72: PUNTI PER ROTAZIONE | AI72: SET | AJ72: TURNI PER ROTAZIONE | AQ72: PUNTI PER ROTAZIONE | AX72: SET
U73: 1 | V73: 2 | W73: 3 | X73: 4 | Y73: 5 | Z73: 6 | AB73: 1 | AC73: 2 | AD73: 3 | AE73: 4 | AF73: 5 | AG73: 6 | AJ73: 1 | AK73: 2 | AL73: 3 | AM73: 4 | AN73: 5 | AO73: 6 | AQ73: 1 | AR73: 2 | AS73: 3 | AT73: 4 | AU73: 5 | AV73: 6
S74: I | U74: =IF($D$9="",0,HLOOKUP(U$73,$U$7:$Z$16,9,FALSE)) | V74: =IF($D$9="",0,HLOOKUP(V$73,$U$7:$Z$16,9,FALSE)) | W74: =IF($D$9="",0,HLOOKUP(W$73,$U$7:$Z$16,9,FALSE)) | X74: =IF($D$9="",0,HLOOKUP(X$73,$U$7:$Z$16,9,FALSE)) | Y74: =IF($D$9="",0,HLOOKUP(Y$73,$U$7:$Z$16,9,FALSE)) | Z74: =IF($D$9="",0,HLOOKUP(Z$73,$U$7:$Z$16,9,FALSE)) | AB74: =IF($D$9="",0,HLOOKUP(AB$73,$U$7:$Z$16,10,FALSE)) | AC74: =IF($D$9="",0,HLOOKUP(AC$73,$U$7:$Z$16,10,FALSE)) | AD74: =IF($D$9="",0,HLOOKUP(AD$73,$U$7:$Z$16,10,FALSE)) | AE74: =IF($D$9="",0,HLOOKUP(AE$73,$U$7:$Z$16,10,FALSE)) | AF74: =IF($D$9="",0,HLOOKUP(AF$73,$U$7:$Z$16,10,FALSE)) | AG74: =IF($D$9="",0,HLOOKUP(AG$73,$U$7:$Z$16,10,FALSE)) | AI74: I | AJ74: =IF($L$9="",0,HLOOKUP(AJ$73,$AJ$7:$AO$16,9,FALSE)) | AK74: =IF($L$9="",0,HLOOKUP(AK$73,$AJ$7:$AO$16,9,FALSE)) | AL74: =IF($L$9="",0,HLOOKUP(AL$73,$AJ$7:$AO$16,9,FALSE)) | AM74: =IF($L$9="",0,HLOOKUP(AM$73,$AJ$7:$AO$16,9,FALSE)) | AN74: =IF($L$9="",0,HLOOKUP(AN$73,$AJ$7:$AO$16,9,FALSE)) | AO74: =IF($L$9="",0,HLOOKUP(AO$73,$AJ$7:$AO$16,9,FALSE)) | AQ74: =IF($L$9="",0,HLOOKUP(AQ$73,$AJ$7:$AO$16,10,FALSE)) | AR74: =IF($L$9="",0,HLOOKUP(AR$73,$AJ$7:$AO$16,10,FALSE)) | AS74: =IF($L$9="",0,HLOOKUP(AS$73,$AJ$7:$AO$16,10,FALSE)) | AT74: =IF($L$9="",0,HLOOKUP(AT$73,$AJ$7:$AO$16,10,FALSE)) | AU74: =IF($L$9="",0,HLOOKUP(AU$73,$AJ$7:$AO$16,10,FALSE)) | AV74: =IF($L$9="",0,HLOOKUP(AV$73,$AJ$7:$AO$16,10,FALSE)) | AX74: I
S75: II | U75: =IF($D$21="",0,HLOOKUP(U$73,$U$19:$Z$28,9,FALSE)) | V75: =IF($D$21="",0,HLOOKUP(V$73,$U$19:$Z$28,9,FALSE)) | W75: =IF($D$21="",0,HLOOKUP(W$73,$U$19:$Z$28,9,FALSE)) | X75: =IF($D$21="",0,HLOOKUP(X$73,$U$19:$Z$28,9,FALSE)) | Y75: =IF($D$21="",0,HLOOKUP(Y$73,$U$19:$Z$28,9,FALSE)) | Z75: =IF($D$21="",0,HLOOKUP(Z$73,$U$19:$Z$28,9,FALSE)) | AB75: =IF($D$21="",0,HLOOKUP(AB$73,$U$19:$Z$28,10,FALSE)) | AC75: =IF($D$21="",0,HLOOKUP(AC$73,$U$19:$Z$28,10,FALSE)) | AD75: =IF($D$21="",0,HLOOKUP(AD$73,$U$19:$Z$28,10,FALSE)) | AE75: =IF($D$21="",0,HLOOKUP(AE$73,$U$19:$Z$28,10,FALSE)) | AF75: =IF($D$21="",0,HLOOKUP(AF$73,$U$19:$Z$28,10,FALSE)) | AG75: =IF($D$21="",0,HLOOKUP(AG$73,$U$19:$Z$28,10,FALSE)) | AI75: II | AJ75: =IF($L$21="",0,HLOOKUP(AJ$73,$AJ$19:$AO$28,9,FALSE)) | AK75: =IF($L$21="",0,HLOOKUP(AK$73,$AJ$19:$AO$28,9,FALSE)) | AL75: =IF($L$21="",0,HLOOKUP(AL$73,$AJ$19:$AO$28,9,FALSE)) | AM75: =IF($L$21="",0,HLOOKUP(AM$73,$AJ$19:$AO$28,9,FALSE)) | AN75: =IF($L$21="",0,HLOOKUP(AN$73,$AJ$19:$AO$28,9,FALSE)) | AO75: =IF($L$21="",0,HLOOKUP(AO$73,$AJ$19:$AO$28,9,FALSE)) | AQ75: =IF($L$21="",0,HLOOKUP(AQ$73,$AJ$19:$AO$28,10,FALSE)) | AR75: =IF($L$21="",0,HLOOKUP(AR$73,$AJ$19:$AO$28,10,FALSE)) | AS75: =IF($L$21="",0,HLOOKUP(AS$73,$AJ$19:$AO$28,10,FALSE)) | AT75: =IF($L$21="",0,HLOOKUP(AT$73,$AJ$19:$AO$28,10,FALSE)) | AU75: =IF($L$21="",0,HLOOKUP(AU$73,$AJ$19:$AO$28,10,FALSE)) | AV75: =IF($L$21="",0,HLOOKUP(AV$73,$AJ$19:$AO$28,10,FALSE)) | AX75: II
S76: III | U76: =IF($D$33="",0,HLOOKUP(U$73,$U$31:$Z$40,9,FALSE)) | V76: =IF($D$33="",0,HLOOKUP(V$73,$U$31:$Z$40,9,FALSE)) | W76: =IF($D$33="",0,HLOOKUP(W$73,$U$31:$Z$40,9,FALSE)) | X76: =IF($D$33="",0,HLOOKUP(X$73,$U$31:$Z$40,9,FALSE)) | Y76: =IF($D$33="",0,HLOOKUP(Y$73,$U$31:$Z$40,9,FALSE)) | Z76: =IF($D$33="",0,HLOOKUP(Z$73,$U$31:$Z$40,9,FALSE)) | AB76: =IF($D$33="",0,HLOOKUP(AB$73,$U$31:$Z$40,10,FALSE)) | AC76: =IF($D$33="",0,HLOOKUP(AC$73,$U$31:$Z$40,10,FALSE)) | AD76: =IF($D$33="",0,HLOOKUP(AD$73,$U$31:$Z$40,10,FALSE)) | AE76: =IF($D$33="",0,HLOOKUP(AE$73,$U$31:$Z$40,10,FALSE)) | AF76: =IF($D$33="",0,HLOOKUP(AF$73,$U$31:$Z$40,10,FALSE)) | AG76: =IF($D$33="",0,HLOOKUP(AG$73,$U$31:$Z$40,10,FALSE)) | AI76: III | AJ76: =IF($L$33="",0,HLOOKUP(AJ$73,$AJ$31:$AO$40,9,FALSE)) | AK76: =IF($L$33="",0,HLOOKUP(AK$73,$AJ$31:$AO$40,9,FALSE)) | AL76: =IF($L$33="",0,HLOOKUP(AL$73,$AJ$31:$AO$40,9,FALSE)) | AM76: =IF($L$33="",0,HLOOKUP(AM$73,$AJ$31:$AO$40,9,FALSE)) | AN76: =IF($L$33="",0,HLOOKUP(AN$73,$AJ$31:$AO$40,9,FALSE)) | AO76: =IF($L$33="",0,HLOOKUP(AO$73,$AJ$31:$AO$40,9,FALSE)) | AQ76: =IF($L$33="",0,HLOOKUP(AQ$73,$AJ$31:$AO$40,10,FALSE)) | AR76: =IF($L$33="",0,HLOOKUP(AR$73,$AJ$31:$AO$40,10,FALSE)) | AS76: =IF($L$33="",0,HLOOKUP(AS$73,$AJ$31:$AO$40,10,FALSE)) | AT76: =IF($L$33="",0,HLOOKUP(AT$73,$AJ$31:$AO$40,10,FALSE)) | AU76: =IF($L$33="",0,HLOOKUP(AU$73,$AJ$31:$AO$40,10,FALSE)) | AV76: =IF($L$33="",0,HLOOKUP(AV$73,$AJ$31:$AO$40,10,FALSE)) | AX76: III
S77: IV | U77: =IF($D$45="",0,HLOOKUP(U$73,$U$43:$Z$52,9,FALSE)) | V77: =IF($D$45="",0,HLOOKUP(V$73,$U$43:$Z$52,9,FALSE)) | W77: =IF($D$45="",0,HLOOKUP(W$73,$U$43:$Z$52,9,FALSE)) | X77: =IF($D$45="",0,HLOOKUP(X$73,$U$43:$Z$52,9,FALSE)) | Y77: =IF($D$45="",0,HLOOKUP(Y$73,$U$43:$Z$52,9,FALSE)) | Z77: =IF($D$45="",0,HLOOKUP(Z$73,$U$43:$Z$52,9,FALSE)) | AB77: =IF($D$45="",0,HLOOKUP(AB$73,$U$43:$Z$52,10,FALSE)) | AC77: =IF($D$45="",0,HLOOKUP(AC$73,$U$43:$Z$52,10,FALSE)) | AD77: =IF($D$45="",0,HLOOKUP(AD$73,$U$43:$Z$52,10,FALSE)) | AE77: =IF($D$45="",0,HLOOKUP(AE$73,$U$43:$Z$52,10,FALSE)) | AF77: =IF($D$45="",0,HLOOKUP(AF$73,$U$43:$Z$52,10,FALSE)) | AG77: =IF($D$45="",0,HLOOKUP(AG$73,$U$43:$Z$52,10,FALSE)) | AI77: IV | AJ77: =IF($L$45="",0,HLOOKUP(AJ$73,$AJ$43:$AO$52,9,FALSE)) | AK77: =IF($L$45="",0,HLOOKUP(AK$73,$AJ$43:$AO$52,9,FALSE)) | AL77: =IF($L$45="",0,HLOOKUP(AL$73,$AJ$43:$AO$52,9,FALSE)) | AM77: =IF($L$45="",0,HLOOKUP(AM$73,$AJ$43:$AO$52,9,FALSE)) | AN77: =IF($L$45="",0,HLOOKUP(AN$73,$AJ$43:$AO$52,9,FALSE)) | AO77: =IF($L$45="",0,HLOOKUP(AO$73,$AJ$43:$AO$52,9,FALSE)) | AQ77: =IF($L$45="",0,HLOOKUP(AQ$73,$AJ$43:$AO$52,10,FALSE)) | AR77: =IF($L$45="",0,HLOOKUP(AR$73,$AJ$43:$AO$52,10,FALSE)) | AS77: =IF($L$45="",0,HLOOKUP(AS$73,$AJ$43:$AO$52,10,FALSE)) | AT77: =IF($L$45="",0,HLOOKUP(AT$73,$AJ$43:$AO$52,10,FALSE)) | AU77: =IF($L$45="",0,HLOOKUP(AU$73,$AJ$43:$AO$52,10,FALSE)) | AV77: =IF($L$45="",0,HLOOKUP(AV$73,$AJ$43:$AO$52,10,FALSE)) | AX77: IV
S78: V | U78: =IF($D$57="",0,HLOOKUP(U$73,$U$55:$Z$64,9,FALSE)) | V78: =IF($D$57="",0,HLOOKUP(V$73,$U$55:$Z$64,9,FALSE)) | W78: =IF($D$57="",0,HLOOKUP(W$73,$U$55:$Z$64,9,FALSE)) | X78: =IF($D$57="",0,HLOOKUP(X$73,$U$55:$Z$64,9,FALSE)) | Y78: =IF($D$57="",0,HLOOKUP(Y$73,$U$55:$Z$64,9,FALSE)) | Z78: =IF($D$57="",0,HLOOKUP(Z$73,$U$55:$Z$64,9,FALSE)) | AB78: =IF($D$57="",0,HLOOKUP(AB$73,$U$55:$Z$64,10,FALSE)) | AC78: =IF($D$57="",0,HLOOKUP(AC$73,$U$55:$Z$64,10,FALSE)) | AD78: =IF($D$57="",0,HLOOKUP(AD$73,$U$55:$Z$64,10,FALSE)) | AE78: =IF($D$57="",0,HLOOKUP(AE$73,$U$55:$Z$64,10,FALSE)) | AF78: =IF($D$57="",0,HLOOKUP(AF$73,$U$55:$Z$64,10,FALSE)) | AG78: =IF($D$57="",0,HLOOKUP(AG$73,$U$55:$Z$64,10,FALSE)) | AI78: V | AJ78: =IF($L$57="",0,HLOOKUP(AJ$73,$AJ$55:$AO$64,9,FALSE)) | AK78: =IF($L$57="",0,HLOOKUP(AK$73,$AJ$55:$AO$64,9,FALSE)) | AL78: =IF($L$57="",0,HLOOKUP(AL$73,$AJ$55:$AO$64,9,FALSE)) | AM78: =IF($L$57="",0,HLOOKUP(AM$73,$AJ$55:$AO$64,9,FALSE)) | AN78: =IF($L$57="",0,HLOOKUP(AN$73,$AJ$55:$AO$64,9,FALSE)) | AO78: =IF($L$57="",0,HLOOKUP(AO$73,$AJ$55:$AO$64,9,FALSE)) | AQ78: =IF($L$57="",0,HLOOKUP(AQ$73,$AJ$55:$AO$64,10,FALSE)) | AR78: =IF($L$57="",0,HLOOKUP(AR$73,$AJ$55:$AO$64,10,FALSE)) | AS78: =IF($L$57="",0,HLOOKUP(AS$73,$AJ$55:$AO$64,10,FALSE)) | AT78: =IF($L$57="",0,HLOOKUP(AT$73,$AJ$55:$AO$64,10,FALSE)) | AU78: =IF($L$57="",0,HLOOKUP(AU$73,$AJ$55:$AO$64,10,FALSE)) | AV78: =IF($L$57="",0,HLOOKUP(AV$73,$AJ$55:$AO$64,10,FALSE)) | AX78: V
U79: =SUM(U74:U78) | V79: =SUM(V74:V78) | W79: =SUM(W74:W78) | X79: =SUM(X74:X78) | Y79: =SUM(Y74:Y78) | Z79: =SUM(Z74:Z78) | AB79: =SUM(AB74:AB78) | AC79: =SUM(AC74:AC78) | AD79: =SUM(AD74:AD78) | AE79: =SUM(AE74:AE78) | AF79: =SUM(AF74:AF78) | AG79: =SUM(AG74:AG78) | AJ79: =SUM(AJ74:AJ78) | AK79: =SUM(AK74:AK78) | AL79: =SUM(AL74:AL78) | AM79: =SUM(AM74:AM78) | AN79: =SUM(AN74:AN78) | AO79: =SUM(AO74:AO78) | AQ79: =SUM(AQ74:AQ78) | AR79: =SUM(AR74:AR78) | AS79: =SUM(AS74:AS78) | AT79: =SUM(AT74:AT78) | AU79: =SUM(AU74:AU78) | AV79: =SUM(AV74:AV78)
AA82: 0 | AB82: =U79-COUNTIF(AB74:AB78,">0") | AC82: =V79-COUNTIF(AC74:AC78,">0") | AD82: =W79-COUNTIF(AD74:AD78,">0") | AE82: =X79-COUNTIF(AE74:AE78,">0") | AF82: =Y79-COUNTIF(AF74:AF78,">0") | AG82: =Z79-COUNTIF(AG74:AG78,">0") | AP82: 0 | AQ82: =AJ79-COUNTIF(AQ74:AQ78,">0") | AR82: =AK79-COUNTIF(AR74:AR78,">0") | AS82: =AL79-COUNTIF(AS74:AS78,">0") | AT82: =AM79-COUNTIF(AT74:AT78,">0") | AU82: =AN79-COUNTIF(AU74:AU78,">0") | AV82: =AO79-COUNTIF(AV74:AV78,">0")
AA83: 1 | AB83: =COUNTIF(AB74:AB78,">0") | AC83: =COUNTIF(AC74:AC78,">0") | AD83: =COUNTIF(AD74:AD78,">0") | AE83: =COUNTIF(AE74:AE78,">0") | AF83: =COUNTIF(AF74:AF78,">0") | AG83: =COUNTIF(AG74:AG78,">0") | AP83: 1 | AQ83: =COUNTIF(AQ74:AQ78,">0") | AR83: =COUNTIF(AR74:AR78,">0") | AS83: =COUNTIF(AS74:AS78,">0") | AT83: =COUNTIF(AT74:AT78,">0") | AU83: =COUNTIF(AU74:AU78,">0") | AV83: =COUNTIF(AV74:AV78,">0")
AA84: > | AB84: =COUNTIF(AB74:AB78,">1") | AC84: =COUNTIF(AC74:AC78,">1") | AD84: =COUNTIF(AD74:AD78,">1") | AE84: =COUNTIF(AE74:AE78,">1") | AF84: =COUNTIF(AF74:AF78,">1") | AG84: =COUNTIF(AG74:AG78,">1") | AP84: > | AQ84: =COUNTIF(AQ74:AQ78,">1") | AR84: =COUNTIF(AR74:AR78,">1") | AS84: =COUNTIF(AS74:AS78,">1") | AT84: =COUNTIF(AT74:AT78,">1") | AU84: =COUNTIF(AU74:AU78,">1") | AV84: =COUNTIF(AV74:AV78,">1")

Sheet Gara_2
U1: =IF($A$1="","",$A$1) | AJ1: =IF($A$1="","",$A$1) | AZ1: =IF($A$1="","",$A$1)
S2: ---
W3: RIASSUNTO SCALARE DEI PUNTI FATTI | AL3: RIASSUNTO SCALARE DEI PUNTI SUBITI | BB3: TOTALI E RELATIVI GRAFICI
A6: SET I | BA6: TPF | BB6: =AA15+AA27+AA39+AA51+AA63 | BD6: FATTI | BJ6: TPS | BK6: =AP15+AP27+AP39+AP51+AP63 | BM6: SUBITI
U7: =IF($B8="","",$B8) | V7: =IF(U7="","",IF(U7=1,6,U7-1)) | W7: =IF(V7="","",IF(V7=1,6,V7-1)) | X7: =IF(W7="","",IF(W7=1,6,W7-1)) | Y7: =IF(X7="","",IF(X7=1,6,X7-1)) | Z7: =IF(Y7="","",IF(Y7=1,6,Y7-1)) | AA7: P | AB7: SET I | AD7: =IF(D9="","",MAX(D9:I14)) | AJ7: =IF($B8="","",$B8) | AK7: =IF(AJ7="","",IF(AJ7=1,6,AJ7-1)) | AL7: =IF(AK7="","",IF(AK7=1,6,AK7-1)) | AM7: =IF(AL7="","",IF(AL7=1,6,AL7-1)) | AN7: =IF(AM7="","",IF(AM7=1,6,AM7-1)) | AO7: =IF(AN7="","",IF(AN7=1,6,AN7-1)) | AP7: P | AQ7: SET I | AS7: =IF(L9="","",MAX(L9:Q14)) | AZ7: P | BA7: 1 | BB7: 2 | BC7: 3 | BD7: 4 | BE7: 5 | BF7: 6 | BI7: P | BJ7: 1 | BK7: 2 | BL7: 3 | BM7: 4 | BN7: 5 | BO7: 6
A8: P | D8: I | E8: II | F8: III | G8: IV | H8: V | I8: VI | L8: I | M8: II | N8: III | O8: IV | P8: V | Q8: VI | U8: I | V8: II | W8: III | X8: IV | Y8: V | Z8: VI | AA8: TR | AJ8: I | AK8: II | AL8: III | AM8: IV | AN8: V | AO8: VI | AP8: TR | AZ8: TT | BA8: =U79 | BB8: =V79 | BC8: =W79 | BD8: =X79 | BE8: =Y79 | BF8: =Z79 | BI8: TT | BJ8: =AJ79 | BK8: =AK79 | BL8: =AL79 | BM8: =AM79 | BN8: =AN79 | BO8: =AO79
U9: =IF(D9="","",IF(UPPER(D9)="X","",D9)) | V9: =IF(E9="","",IF(UPPER(D9)="X",E9-1,E9-D9-1)) | W9: =IF(F9="","",F9-E9-1) | X9: =IF(G9="","",G9-F9-1) | Y9: =IF(H9="","",H9-G9-1) | Z9: =IF(I9="","",I9-H9-1) | AA9: =SUM(U9:Z9) | AJ9: =IF(L9="","",IF(UPPER(L9)="X","",L9)) | AK9: =IF(M9="","",IF(UPPER(L9)="X",M9-1,M9-L9-1)) | AL9: =IF(N9="","",N9-M9-1) | AM9: =IF(O9="","",O9-N9-1) | AN9: =IF(P9="","",P9-O9-1) | AO9: =IF(Q9="","",Q9-P9-1) | AP9: =SUM(AJ9:AO9) | AZ9: TP | BA9: =AB79 | BB9: =AC79 | BC9: =AD79 | BD9: =AE79 | BE9: =AF79 | BF9: =AG79 | BI9: TP | BJ9: =AQ79 | BK9: =AR79 | BL9: =AS79 | BM9: =AT79 | BN9: =AU79 | BO9: =AV79
U10: =IF(D10="","",D10-I9-1) | V10: =IF(E10="","",E10-D10-1) | W10: =IF(F10="","",F10-E10-1) | X10: =IF(G10="","",G10-F10-1) | Y10: =IF(H10="","",H10-G10-1) | Z10: =IF(I10="","",I10-H10-1) | AA10: =SUM(U10:Z10) | AJ10: =IF(L10="","",L10-Q9-1) | AK10: =IF(M10="","",M10-L10-1) | AL10: =IF(N10="","",N10-M10-1) | AM10: =IF(O10="","",O10-N10-1) | AN10: =IF(P10="","",P10-O10-1) | AO10: =IF(Q10="","",Q10-P10-1) | AP10: =SUM(AJ10:AO10) | AZ10: MP | BA10: =IF(BA8=0,0,BA9/BA8) | BB10: =IF(BB8=0,0,BB9/BB8) | BC10: =IF(BC8=0,0,BC9/BC8) | BD10: =IF(BD8=0,0,BD9/BD8) | BE10: =IF(BE8=0,0,BE9/BE8) | BF10: =IF(BF8=0,0,BF9/BF8) | BI10: MP | BJ10: =IF(BJ8=0,0,BJ9/BJ8) | BK10: =IF(BK8=0,0,BK9/BK8) | BL10: =IF(BL8=0,0,BL9/BL8) | BM10: =IF(BM8=0,0,BM9/BM8) | BN10: =IF(BN8=0,0,BN9/BN8) | BO10: =IF(BO8=0,0,BO9/BO8)
U11: =IF(D11="","",D11-I10-1) | V11: =IF(E11="","",E11-D11-1) | W11: =IF(F11="","",F11-E11-1) | X11: =IF(G11="","",G11-F11-1) | Y11: =IF(H11="","",H11-G11-1) | Z11: =IF(I11="","",I11-H11-1) | AA11: =SUM(U11:Z11) | AJ11: =IF(L11="","",L11-Q10-1) | AK11: =IF(M11="","",M11-L11-1) | AL11: =IF(N11="","",N11-M11-1) | AM11: =IF(O11="","",O11-N11-1) | AN11: =IF(P11="","",P11-O11-1) | AO11: =IF(Q11="","",Q11-P11-1) | AP11: =SUM(AJ11:AO11) | AZ11: %PT | BA11: =IF($BB$6=0,0,(BA9/$BB$6)*100) | BB11: =IF($BB$6=0,0,(BB9/$BB$6)*100) | BC11: =IF($BB$6=0,0,(BC9/$BB$6)*100) | BD11: =IF($BB$6=0,0,(BD9/$BB$6)*100) | BE11: =IF($BB$6=0,0,(BE9/$BB$6)*100) | BF11: =IF($BB$6=0,0,(BF9/$BB$6)*100) | BI11: %PT | BJ11: =IF($BK$6=0,0,(BJ9/$BB$6)*100) | BK11: =IF($BK$6=0,0,(BK9/$BB$6)*100) | BL11: =IF($BK$6=0,0,(BL9/$BB$6)*100) | BM11: =IF($BK$6=0,0,(BM9/$BB$6)*100) | BN11: =IF($BK$6=0,0,(BN9/$BB$6)*100) | BO11: =IF($BK$6=0,0,(BO9/$BB$6)*100)
U12: =IF(D12="","",D12-I11-1) | V12: =IF(E12="","",E12-D12-1) | W12: =IF(F12="","",F12-E12-1) | X12: =IF(G12="","",G12-F12-1) | Y12: =IF(H12="","",H12-G12-1) | Z12: =IF(I12="","",I12-H12-1) | AA12: =SUM(U12:Z12) | AJ12: =IF(L12="","",L12-Q11-1) | AK12: =IF(M12="","",M12-L12-1) | AL12: =IF(N12="","",N12-M12-1) | AM12: =IF(O12="","",O12-N12-1) | AN12: =IF(P12="","",P12-O12-1) | AO12: =IF(Q12="","",Q12-P12-1) | AP12: =SUM(AJ12:AO12) | AZ12: %=0 | BA12: =IF(BA$8=0,0,(AB82/BA$8)*100) | BB12: =IF(BB$8=0,0,(AC82/BB$8)*100) | BC12: =IF(BC$8=0,0,(AD82/BC$8)*100) | BD12: =IF(BD$8=0,0,(AE82/BD$8)*100) | BE12: =IF(BE$8=0,0,(AF82/BE$8)*100) | BF12: =IF(BF$8=0,0,(AG82/BF$8)*100) | BI12: %=0 | BJ12: =IF(BJ$8=0,0,(AQ82/BJ$8)*100) | BK12: =IF(BK$8=0,0,(AR82/BK$8)*100) | BL12: =IF(BL$8=0,0,(AS82/BL$8)*100) | BM12: =IF(BM$8=0,0,(AT82/BM$8)*100) | BN12: =IF(BN$8=0,0,(AU82/BN$8)*100) | BO12: =IF(BO$8=0,0,(AV82/BO$8)*100)
U13: =IF(D13="","",D13-I12-1) | V13: =IF(E13="","",E13-D13-1) | W13: =IF(F13="","",F13-E13-1) | X13: =IF(G13="","",G13-F13-1) | Y13: =IF(H13="","",H13-G13-1) | Z13: =IF(I13="","",I13-H13-1) | AA13: =SUM(U13:Z13) | AJ13: =IF(L13="","",L13-Q12-1) | AK13: =IF(M13="","",M13-L13-1) | AL13: =IF(N13="","",N13-M13-1) | AM13: =IF(O13="","",O13-N13-1) | AN13: =IF(P13="","",P13-O13-1) | AO13: =IF(Q13="","",Q13-P13-1) | AP13: =SUM(AJ13:AO13) | AZ13: %>0 | BA13: =IF(BA$8=0,0,(AB83/BA$8)*100) | BB13: =IF(BB$8=0,0,(AC83/BB$8)*100) | BC13: =IF(BC$8=0,0,(AD83/BC$8)*100) | BD13: =IF(BD$8=0,0,(AE83/BD$8)*100) | BE13: =IF(BE$8=0,0,(AF83/BE$8)*100) | BF13: =IF(BF$8=0,0,(AG83/BF$8)*100) | BI13: %>0 | BJ13: =IF(BJ$8=0,0,(AQ83/BJ$8)*100) | BK13: =IF(BK$8=0,0,(AR83/BK$8)*100) | BL13: =IF(BL$8=0,0,(AS83/BL$8)*100) | BM13: =IF(BM$8=0,0,(AT83/BM$8)*100) | BN13: =IF(BN$8=0,0,(AU83/BN$8)*100) | BO13: =IF(BO$8=0,0,(AV83/BO$8)*100)
U14: =IF(D14="","",D14-I13-1) | V14: =IF(E14="","",E14-D14-1) | W14: =IF(F14="","",F14-E14-1) | X14: =IF(G14="","",G14-F14-1) | Y14: =IF(H14="","",H14-G14-1) | Z14: =IF(I14="","",I14-H14-1) | AA14: =SUM(U14:Z14) | AJ14: =IF(L14="","",L14-Q13-1) | AK14: =IF(M14="","",M14-L14-1) | AL14: =IF(N14="","",N14-M14-1) | AM14: =IF(O14="","",O14-N14-1) | AN14: =IF(P14="","",P14-O14-1) | AO14: =IF(Q14="","",Q14-P14-1) | AP14: =SUM(AJ14:AO14) | AZ14: %>1 | BA14: =IF(BA$8=0,0,(AB84/BA$8)*100) | BB14: =IF(BB$8=0,0,(AC84/BB$8)*100) | BC14: =IF(BC$8=0,0,(AD84/BC$8)*100) | BD14: =IF(BD$8=0,0,(AE84/BD$8)*100) | BE14: =IF(BE$8=0,0,(AF84/BE$8)*100) | BF14: =IF(BF$8=0,0,(AG84/BF$8)*100) | BI14: %>1 | BJ14: =IF(BJ$8=0,0,(AQ84/BJ$8)*100) | BK14: =IF(BK$8=0,0,(AR84/BK$8)*100) | BL14: =IF(BL$8=0,0,(AS84/BL$8)*100) | BM14: =IF(BM$8=0,0,(AT84/BM$8)*100) | BN14: =IF(BN$8=0,0,(AU84/BN$8)*100) | BO14: =IF(BO$8=0,0,(AV84/BO$8)*100)
U15: =COUNTIF(U9:U14,">=0") | V15: =COUNTIF(V9:V14,">=0") | W15: =COUNTIF(W9:W14,">=0") | X15: =COUNTIF(X9:X14,">=0") | Y15: =COUNTIF(Y9:Y14,">=0") | Z15: =COUNTIF(Z9:Z14,">=0") | AA15: =SUM(AA9:AA14) | AB15: =IF(OR(AD7=0,AD7=""),"",(AA15/AD7)*100) | AJ15: =COUNTIF(AJ9:AJ14,">=0") | AK15: =COUNTIF(AK9:AK14,">=0") | AL15: =COUNTIF(AL9:AL14,">=0") | AM15: =COUNTIF(AM9:AM14,">=0") | AN15: =COUNTIF(AN9:AN14,">=0") | AO15: =COUNTIF(AO9:AO14,">=0") | AP15: =SUM(AP9:AP14) | AQ15: =IF(OR(AS7=0,AS7=""),"",(AP15/AS7)*100)
U16: =SUM(U9:U14) | V16: =SUM(V9:V14) | W16: =SUM(W9:W14) | X16: =SUM(X9:X14) | Y16: =SUM(Y9:Y14) | Z16: =SUM(Z9:Z14) | AJ16: =SUM(AJ9:AJ14) | AK16: =SUM(AK9:AK14) | AL16: =SUM(AL9:AL14) | AM16: =SUM(AM9:AM14) | AN16: =SUM(AN9:AN14) | AO16: =SUM(AO9:AO14)
U17: =IF($AA15=0,0,(U16/$AA15)*100) | V17: =IF($AA15=0,0,(V16/$AA15)*100) | W17: =IF($AA15=0,0,(W16/$AA15)*100) | X17: =IF($AA15=0,0,(X16/$AA15)*100) | Y17: =IF($AA15=0,0,(Y16/$AA15)*100) | Z17: =IF($AA15=0,0,(Z16/$AA15)*100) | AA17: PR% | AJ17: =IF($AP15=0,0,(AJ16/$AP15)*100) | AK17: =IF($AP15=0,0,(AK16/$AP15)*100) | AL17: =IF($AP15=0,0,(AL16/$AP15)*100) | AM17: =IF($AP15=0,0,(AM16/$AP15)*100) | AN17: =IF($AP15=0,0,(AN16/$AP15)*100) | AO17: =IF($AP15=0,0,(AO16/$AP15)*100) | AP17: PR%
A18: SET II
D19: =IF($D$7="","",$D$7) | L19: =IF($L$7="","",$L$7) | U19: =IF($B20="","",$B20) | V19: =IF(U19="","",IF(U19=1,6,U19-1)) | W19: =IF(V19="","",IF(V19=1,6,V19-1)) | X19: =IF(W19="","",IF(W19=1,6,W19-1)) | Y19: =IF(X19="","",IF(X19=1,6,X19-1)) | Z19: =IF(Y19="","",IF(Y19=1,6,Y19-1)) | AA19: P | AB19: SET II | AD19: =IF(D21="","",MAX(D21:I26)) | AJ19: =IF($B20="","",$B20) | AK19: =IF(AJ19="","",IF(AJ19=1,6,AJ19-1)) | AL19: =IF(AK19="","",IF(AK19=1,6,AK19-1)) | AM19: =IF(AL19="","",IF(AL19=1,6,AL19-1)) | AN19: =IF(AM19="","",IF(AM19=1,6,AM19-1)) | AO19: =IF(AN19="","",IF(AN19=1,6,AN19-1)) | AP19: P | AQ19: SET II | AS19: =IF(L21="","",MAX(L21:Q26))
A20: P | D20: I | E20: II | F20: III | G20: IV | H20: V | I20: VI | L20: I | M20: II | N20: III | O20: IV | P20: V | Q20: VI | U20: I | V20: II | W20: III | X20: IV | Y20: V | Z20: VI | AA20: TR | AJ20: I | AK20: II | AL20: III | AM20: IV | AN20: V | AO20: VI | AP20: TR
U21: =IF(D21="","",IF(UPPER(D21)="X","",D21)) | V21: =IF(E21="","",IF(UPPER(D21)="X",E21-1,E21-D21-1)) | W21: =IF(F21="","",F21-E21-1) | X21: =IF(G21="","",G21-F21-1) | Y21: =IF(H21="","",H21-G21-1) | Z21: =IF(I21="","",I21-H21-1) | AA21: =SUM(U21:Z21) | AJ21: =IF(L21="","",IF(UPPER(L21)="X","",L21)) | AK21: =IF(M21="","",IF(UPPER(L21)="X",M21-1,M21-L21-1)) | AL21: =IF(N21="","",N21-M21-1) | AM21: =IF(O21="","",O21-N21-1) | AN21: =IF(P21="","",P21-O21-1) | AO21: =IF(Q21="","",Q21-P21-1) | AP21: =SUM(AJ21:AO21)
U22: =IF(D22="","",D22-I21-1) | V22: =IF(E22="","",E22-D22-1) | W22: =IF(F22="","",F22-E22-1) | X22: =IF(G22="","",G22-F22-1) | Y22: =IF(H22="","",H22-G22-1) | Z22: =IF(I22="","",I22-H22-1) | AA22: =SUM(U22:Z22) | AJ22: =IF(L22="","",L22-Q21-1) | AK22: =IF(M22="","",M22-L22-1) | AL22: =IF(N22="","",N22-M22-1) | AM22: =IF(O22="","",O22-N22-1) | AN22: =IF(P22="","",P22-O22-1) | AO22: =IF(Q22="","",Q22-P22-1) | AP22: =SUM(AJ22:AO22)
U23: =IF(D23="","",D23-I22-1) | V23: =IF(E23="","",E23-D23-1) | W23: =IF(F23="","",F23-E23-1) | X23: =IF(G23="","",G23-F23-1) | Y23: =IF(H23="","",H23-G23-1) | Z23: =IF(I23="","",I23-H23-1) | AA23: =SUM(U23:Z23) | AJ23: =IF(L23="","",L23-Q22-1) | AK23: =IF(M23="","",M23-L23-1) | AL23: =IF(N23="","",N23-M23-1) | AM23: =IF(O23="","",O23-N23-1) | AN23: =IF(P23="","",P23-O23-1) | AO23: =IF(Q23="","",Q23-P23-1) | AP23: =SUM(AJ23:AO23)
U24: =IF(D24="","",D24-I23-1) | V24: =IF(E24="","",E24-D24-1) | W24: =IF(F24="","",F24-E24-1) | X24: =IF(G24="","",G24-F24-1) | Y24: =IF(H24="","",H24-G24-1) | Z24: =IF(I24="","",I24-H24-1) | AA24: =SUM(U24:Z24) | AJ24: =IF(L24="","",L24-Q23-1) | AK24: =IF(M24="","",M24-L24-1) | AL24: =IF(N24="","",N24-M24-1) | AM24: =IF(O24="","",O24-N24-1) | AN24: =IF(P24="","",P24-O24-1) | AO24: =IF(Q24="","",Q24-P24-1) | AP24: =SUM(AJ24:AO24)
U25: =IF(D25="","",D25-I24-1) | V25: =IF(E25="","",E25-D25-1) | W25: =IF(F25="","",F25-E25-1) | X25: =IF(G25="","",G25-F25-1) | Y25: =IF(H25="","",H25-G25-1) | Z25: =IF(I25="","",I25-H25-1) | AA25: =SUM(U25:Z25) | AJ25: =IF(L25="","",L25-Q24-1) | AK25: =IF(M25="","",M25-L25-1) | AL25: =IF(N25="","",N25-M25-1) | AM25: =IF(O25="","",O25-N25-1) | AN25: =IF(P25="","",P25-O25-1) | AO25: =IF(Q25="","",Q25-P25-1) | AP25: =SUM(AJ25:AO25)
U26: =IF(D26="","",D26-I25-1) | V26: =IF(E26="","",E26-D26-1) | W26: =IF(F26="","",F26-E26-1) | X26: =IF(G26="","",G26-F26-1) | Y26: =IF(H26="","",H26-G26-1) | Z26: =IF(I26="","",I26-H26-1) | AA26: =SUM(U26:Z26) | AJ26: =IF(L26="","",L26-Q25-1) | AK26: =IF(M26="","",M26-L26-1) | AL26: =IF(N26="","",N26-M26-1) | AM26: =IF(O26="","",O26-N26-1) | AN26: =IF(P26="","",P26-O26-1) | AO26: =IF(Q26="","",Q26-P26-1) | AP26: =SUM(AJ26:AO26)
U27: =COUNTIF(U21:U26,">=0") | V27: =COUNTIF(V21:V26,">=0") | W27: =COUNTIF(W21:W26,">=0") | X27: =COUNTIF(X21:X26,">=0") | Y27: =COUNTIF(Y21:Y26,">=0") | Z27: =COUNTIF(Z21:Z26,">=0") | AA27: =SUM(AA21:AA26) | AB27: =IF(OR(AD19=0,AD19=""),"",(AA27/AD19)*100) | AJ27: =COUNTIF(AJ21:AJ26,">=0") | AK27: =COUNTIF(AK21:AK26,">=0") | AL27: =COUNTIF(AL21:AL26,">=0") | AM27: =COUNTIF(AM21:AM26,">=0") | AN27: =COUNTIF(AN21:AN26,">=0") | AO27: =COUNTIF(AO21:AO26,">=0") | AP27: =SUM(AP21:AP26) | AQ27: =IF(OR(AS19=0,AS19=""),"",(AP27/AS19)*100)
U28: =SUM(U21:U26) | V28: =SUM(V21:V26) | W28: =SUM(W21:W26) | X28: =SUM(X21:X26) | Y28: =SUM(Y21:Y26) | Z28: =SUM(Z21:Z26) | AJ28: =SUM(AJ21:AJ26) | AK28: =SUM(AK21:AK26) | AL28: =SUM(AL21:AL26) | AM28: =SUM(AM21:AM26) | AN28: =SUM(AN21:AN26) | AO28: =SUM(AO21:AO26)
U29: =IF($AA27=0,0,(U28/$AA27)*100) | V29: =IF($AA27=0,0,(V28/$AA27)*100) | W29: =IF($AA27=0,0,(W28/$AA27)*100) | X29: =IF($AA27=0,0,(X28/$AA27)*100) | Y29: =IF($AA27=0,0,(Y28/$AA27)*100) | Z29: =IF($AA27=0,0,(Z28/$AA27)*100) | AA29: PR% | AJ29: =IF($AP27=0,0,(AJ28/$AP27)*100) | AK29: =IF($AP27=0,0,(AK28/$AP27)*100) | AL29: =IF($AP27=0,0,(AL28/$AP27)*100) | AM29: =IF($AP27=0,0,(AM28/$AP27)*100) | AN29: =IF($AP27=0,0,(AN28/$AP27)*100) | AO29: =IF($AP27=0,0,(AO28/$AP27)*100) | AP29: PR%
A30: SET III
D31: =D19 | L31: =L19 | U31: =IF($B32="","",$B32) | V31: =IF(U31="","",IF(U31=1,6,U31-1)) | W31: =IF(V31="","",IF(V31=1,6,V31-1)) | X31: =IF(W31="","",IF(W31=1,6,W31-1)) | Y31: =IF(X31="","",IF(X31=1,6,X31-1)) | Z31: =IF(Y31="","",IF(Y31=1,6,Y31-1)) | AA31: P | AB31: SET III | AD31: =IF(D33="","",MAX(D33:I38)) | AJ31: =IF($B32="","",$B32) | AK31: =IF(AJ31="","",IF(AJ31=1,6,AJ31-1)) | AL31: =IF(AK31="","",IF(AK31=1,6,AK31-1)) | AM31: =IF(AL31="","",IF(AL31=1,6,AL31-1)) | AN31: =IF(AM31="","",IF(AM31=1,6,AM31-1)) | AO31: =IF(AN31="","",IF(AN31=1,6,AN31-1)) | AP31: P | AQ31: SET III | AS31: =IF(L33="","",MAX(L33:Q38))
A32: P | D32: I | E32: II | F32: III | G32: IV | H32: V | I32: VI | L32: I | M32: II | N32: III | O32: IV | P32: V | Q32: VI | U32: I | V32: II | W32: III | X32: IV | Y32: V | Z32: VI | AA32: TR | AJ32: I | AK32: II | AL32: III | AM32: IV | AN32: V | AO32: VI | AP32: TR
U33: =IF(D33="","",IF(UPPER(D33)="X","",D33)) | V33: =IF(E33="","",IF(UPPER(D33)="X",E33-1,E33-D33-1)) | W33: =IF(F33="","",F33-E33-1) | X33: =IF(G33="","",G33-F33-1) | Y33: =IF(H33="","",H33-G33-1) | Z33: =IF(I33="","",I33-H33-1) | AA33: =SUM(U33:Z33) | AJ33: =IF(L33="","",IF(UPPER(L33)="X","",L33)) | AK33: =IF(M33="","",IF(UPPER(L33)="X",M33-1,M33-L33-1)) | AL33: =IF(N33="","",N33-M33-1) | AM33: =IF(O33="","",O33-N33-1) | AN33: =IF(P33="","",P33-O33-1) | AO33: =IF(Q33="","",Q33-P33-1) | AP33: =SUM(AJ33:AO33)
U34: =IF(D34="","",D34-I33-1) | V34: =IF(E34="","",E34-D34-1) | W34: =IF(F34="","",F34-E34-1) | X34: =IF(G34="","",G34-F34-1) | Y34: =IF(H34="","",H34-G34-1) | Z34: =IF(I34="","",I34-H34-1) | AA34: =SUM(U34:Z34) | AJ34: =IF(L34="","",L34-Q33-1) | AK34: =IF(M34="","",M34-L34-1) | AL34: =IF(N34="","",N34-M34-1) | AM34: =IF(O34="","",O34-N34-1) | AN34: =IF(P34="","",P34-O34-1) | AO34: =IF(Q34="","",Q34-P34-1) | AP34: =SUM(AJ34:AO34)
U35: =IF(D35="","",D35-I34-1) | V35: =IF(E35="","",E35-D35-1) | W35: =IF(F35="","",F35-E35-1) | X35: =IF(G35="","",G35-F35-1) | Y35: =IF(H35="","",H35-G35-1) | Z35: =IF(I35="","",I35-H35-1) | AA35: =SUM(U35:Z35) | AJ35: =IF(L35="","",L35-Q34-1) | AK35: =IF(M35="","",M35-L35-1) | AL35: =IF(N35="","",N35-M35-1) | AM35: =IF(O35="","",O35-N35-1) | AN35: =IF(P35="","",P35-O35-1) | AO35: =IF(Q35="","",Q35-P35-1) | AP35: =SUM(AJ35:AO35)
U36: =IF(D36="","",D36-I35-1) | V36: =IF(E36="","",E36-D36-1) | W36: =IF(F36="","",F36-E36-1) | X36: =IF(G36="","",G36-F36-1) | Y36: =IF(H36="","",H36-G36-1) | Z36: =IF(I36="","",I36-H36-1) | AA36: =SUM(U36:Z36) | AJ36: =IF(L36="","",L36-Q35-1) | AK36: =IF(M36="","",M36-L36-1) | AL36: =IF(N36="","",N36-M36-1) | AM36: =IF(O36="","",O36-N36-1) | AN36: =IF(P36="","",P36-O36-1) | AO36: =IF(Q36="","",Q36-P36-1) | AP36: =SUM(AJ36:AO36)
U37: =IF(D37="","",D37-I36-1) | V37: =IF(E37="","",E37-D37-1) | W37: =IF(F37="","",F37-E37-1) | X37: =IF(G37="","",G37-F37-1) | Y37: =IF(H37="","",H37-G37-1) | Z37: =IF(I37="","",I37-H37-1) | AA37: =SUM(U37:Z37) | AJ37: =IF(L37="","",L37-Q36-1) | AK37: =IF(M37="","",M37-L37-1) | AL37: =IF(N37="","",N37-M37-1) | AM37: =IF(O37="","",O37-N37-1) | AN37: =IF(P37="","",P37-O37-1) | AO37: =IF(Q37="","",Q37-P37-1) | AP37: =SUM(AJ37:AO37)
U38: =IF(D38="","",D38-I37-1) | V38: =IF(E38="","",E38-D38-1) | W38: =IF(F38="","",F38-E38-1) | X38: =IF(G38="","",G38-F38-1) | Y38: =IF(H38="","",H38-G38-1) | Z38: =IF(I38="","",I38-H38-1) | AA38: =SUM(U38:Z38) | AJ38: =IF(L38="","",L38-Q37-1) | AK38: =IF(M38="","",M38-L38-1) | AL38: =IF(N38="","",N38-M38-1) | AM38: =IF(O38="","",O38-N38-1) | AN38: =IF(P38="","",P38-O38-1) | AO38: =IF(Q38="","",Q38-P38-1) | AP38: =SUM(AJ38:AO38)
U39: =COUNTIF(U33:U38,">=0") | V39: =COUNTIF(V33:V38,">=0") | W39: =COUNTIF(W33:W38,">=0") | X39: =COUNTIF(X33:X38,">=0") | Y39: =COUNTIF(Y33:Y38,">=0") | Z39: =COUNTIF(Z33:Z38,">=0") | AA39: =SUM(AA33:AA38) | AB39: =IF(OR(AD31=0,AD31=""),"",(AA39/AD31)*100) | AJ39: =COUNTIF(AJ33:AJ38,">=0") | AK39: =COUNTIF(AK33:AK38,">=0") | AL39: =COUNTIF(AL33:AL38,">=0") | AM39: =COUNTIF(AM33:AM38,">=0") | AN39: =COUNTIF(AN33:AN38,">=0") | AO39: =COUNTIF(AO33:AO38,">=0") | AP39: =SUM(AP33:AP38) | AQ39: =IF(OR(AS31=0,AS31=""),"",(AP39/AS31)*100)
U40: =SUM(U33:U38) | V40: =SUM(V33:V38) | W40: =SUM(W33:W38) | X40: =SUM(X33:X38) | Y40: =SUM(Y33:Y38) | Z40: =SUM(Z33:Z38) | AJ40: =SUM(AJ33:AJ38) | AK40: =SUM(AK33:AK38) | AL40: =SUM(AL33:AL38) | AM40: =SUM(AM33:AM38) | AN40: =SUM(AN33:AN38) | AO40: =SUM(AO33:AO38)
U41: =IF($AA39=0,0,(U40/$AA39)*100) | V41: =IF($AA39=0,0,(V40/$AA39)*100) | W41: =IF($AA39=0,0,(W40/$AA39)*100) | X41: =IF($AA39=0,0,(X40/$AA39)*100) | Y41: =IF($AA39=0,0,(Y40/$AA39)*100) | Z41: =IF($AA39=0,0,(Z40/$AA39)*100) | AA41: PR% | AJ41: =IF($AP39=0,0,(AJ40/$AP39)*100) | AK41: =IF($AP39=0,0,(AK40/$AP39)*100) | AL41: =IF($AP39=0,0,(AL40/$AP39)*100) | AM41: =IF($AP39=0,0,(AM40/$AP39)*100) | AN41: =IF($AP39=0,0,(AN40/$AP39)*100) | AO41: =IF($AP39=0,0,(AO40/$AP39)*100) | AP41: PR%
A42: SET IV
D43: =D31 | L43: =L31 | U43: =IF($B44="","",$B44) | V43: =IF(U43="","",IF(U43=1,6,U43-1)) | W43: =IF(V43="","",IF(V43=1,6,V43-1)) | X43: =IF(W43="","",IF(W43=1,6,W43-1)) | Y43: =IF(X43="","",IF(X43=1,6,X43-1)) | Z43: =IF(Y43="","",IF(Y43=1,6,Y43-1)) | AA43: P | AB43: SET IV | AD43: =IF(D45="","",MAX(D45:I50)) | AJ43: =IF($B44="","",$B44) | AK43: =IF(AJ43="","",IF(AJ43=1,6,AJ43-1)) | AL43: =IF(AK43="","",IF(AK43=1,6,AK43-1)) | AM43: =IF(AL43="","",IF(AL43=1,6,AL43-1)) | AN43: =IF(AM43="","",IF(AM43=1,6,AM43-1)) | AO43: =IF(AN43="","",IF(AN43=1,6,AN43-1)) | AP43: P | AQ43: SET IV | AS43: =IF(L45="","",MAX(L45:Q50))
A44: P | D44: I | E44: II | F44: III | G44: IV | H44: V | I44: VI | L44: I | M44: II | N44: III | O44: IV | P44: V | Q44: VI | U44: I | V44: II | W44: III | X44: IV | Y44: V | Z44: VI | AA44: TR | AJ44: I | AK44: II | AL44: III | AM44: IV | AN44: V | AO44: VI | AP44: TR
U45: =IF(D45="","",IF(UPPER(D45)="X","",D45)) | V45: =IF(E45="","",IF(UPPER(D45)="X",E45-1,E45-D45-1)) | W45: =IF(F45="","",F45-E45-1) | X45: =IF(G45="","",G45-F45-1) | Y45: =IF(H45="","",H45-G45-1) | Z45: =IF(I45="","",I45-H45-1) | AA45: =SUM(U45:Z45) | AJ45: =IF(L45="","",IF(UPPER(L45)="X","",L45)) | AK45: =IF(M45="","",IF(UPPER(L45)="X",M45-1,M45-L45-1)) | AL45: =IF(N45="","",N45-M45-1) | AM45: =IF(O45="","",O45-N45-1) | AN45: =IF(P45="","",P45-O45-1) | AO45: =IF(Q45="","",Q45-P45-1) | AP45: =SUM(AJ45:AO45)
U46: =IF(D46="","",D46-I45-1) | V46: =IF(E46="","",E46-D46-1) | W46: =IF(F46="","",F46-E46-1) | X46: =IF(G46="","",G46-F46-1) | Y46: =IF(H46="","",H46-G46-1) | Z46: =IF(I46="","",I46-H46-1) | AA46: =SUM(U46:Z46) | AJ46: =IF(L46="","",L46-Q45-1) | AK46: =IF(M46="","",M46-L46-1) | AL46: =IF(N46="","",N46-M46-1) | AM46: =IF(O46="","",O46-N46-1) | AN46: =IF(P46="","",P46-O46-1) | AO46: =IF(Q46="","",Q46-P46-1) | AP46: =SUM(AJ46:AO46)
U47: =IF(D47="","",D47-I46-1) | V47: =IF(E47="","",E47-D47-1) | W47: =IF(F47="","",F47-E47-1) | X47: =IF(G47="","",G47-F47-1) | Y47: =IF(H47="","",H47-G47-1) | Z47: =IF(I47="","",I47-H47-1) | AA47: =SUM(U47:Z47) | AJ47: =IF(L47="","",L47-Q46-1) | AK47: =IF(M47="","",M47-L47-1) | AL47: =IF(N47="","",N47-M47-1) | AM47: =IF(O47="","",O47-N47-1) | AN47: =IF(P47="","",P47-O47-1) | AO47: =IF(Q47="","",Q47-P47-1) | AP47: =SUM(AJ47:AO47)
U48: =IF(D48="","",D48-I47-1) | V48: =IF(E48="","",E48-D48-1) | W48: =IF(F48="","",F48-E48-1) | X48: =IF(G48="","",G48-F48-1) | Y48: =IF(H48="","",H48-G48-1) | Z48: =IF(I48="","",I48-H48-1) | AA48: =SUM(U48:Z48) | AJ48: =IF(L48="","",L48-Q47-1) | AK48: =IF(M48="","",M48-L48-1) | AL48: =IF(N48="","",N48-M48-1) | AM48: =IF(O48="","",O48-N48-1) | AN48: =IF(P48="","",P48-O48-1) | AO48: =IF(Q48="","",Q48-P48-1) | AP48: =SUM(AJ48:AO48)
U49: =IF(D49="","",D49-I48-1) | V49: =IF(E49="","",E49-D49-1) | W49: =IF(F49="","",F49-E49-1) | X49: =IF(G49="","",G49-F49-1) | Y49: =IF(H49="","",H49-G49-1) | Z49: =IF(I49="","",I49-H49-1) | AA49: =SUM(U49:Z49) | AJ49: =IF(L49="","",L49-Q48-1) | AK49: =IF(M49="","",M49-L49-1) | AL49: =IF(N49="","",N49-M49-1) | AM49: =IF(O49="","",O49-N49-1) | AN49: =IF(P49="","",P49-O49-1) | AO49: =IF(Q49="","",Q49-P49-1) | AP49: =SUM(AJ49:AO49)
U50: =IF(D50="","",D50-I49-1) | V50: =IF(E50="","",E50-D50-1) | W50: =IF(F50="","",F50-E50-1) | X50: =IF(G50="","",G50-F50-1) | Y50: =IF(H50="","",H50-G50-1) | Z50: =IF(I50="","",I50-H50-1) | AA50: =SUM(U50:Z50) | AJ50: =IF(L50="","",L50-Q49-1) | AK50: =IF(M50="","",M50-L50-1) | AL50: =IF(N50="","",N50-M50-1) | AM50: =IF(O50="","",O50-N50-1) | AN50: =IF(P50="","",P50-O50-1) | AO50: =IF(Q50="","",Q50-P50-1) | AP50: =SUM(AJ50:AO50)
U51: =COUNTIF(U45:U50,">=0") | V51: =COUNTIF(V45:V50,">=0") | W51: =COUNTIF(W45:W50,">=0") | X51: =COUNTIF(X45:X50,">=0") | Y51: =COUNTIF(Y45:Y50,">=0") | Z51: =COUNTIF(Z45:Z50,">=0") | AA51: =SUM(AA45:AA50) | AB51: =IF(OR(AD43=0,AD43=""),"",(AA51/AD43)*100) | AJ51: =COUNTIF(AJ45:AJ50,">=0") | AK51: =COUNTIF(AK45:AK50,">=0") | AL51: =COUNTIF(AL45:AL50,">=0") | AM51: =COUNTIF(AM45:AM50,">=0") | AN51: =COUNTIF(AN45:AN50,">=0") | AO51: =COUNTIF(AO45:AO50,">=0") | AP51: =SUM(AP45:AP50) | AQ51: =IF(OR(AS43=0,AS43=""),"",(AP51/AS43)*100)
U52: =SUM(U45:U50) | V52: =SUM(V45:V50) | W52: =SUM(W45:W50) | X52: =SUM(X45:X50) | Y52: =SUM(Y45:Y50) | Z52: =SUM(Z45:Z50) | AJ52: =SUM(AJ45:AJ50) | AK52: =SUM(AK45:AK50) | AL52: =SUM(AL45:AL50) | AM52: =SUM(AM45:AM50) | AN52: =SUM(AN45:AN50) | AO52: =SUM(AO45:AO50)
U53: =IF($AA51=0,0,(U52/$AA51)*100) | V53: =IF($AA51=0,0,(V52/$AA51)*100) | W53: =IF($AA51=0,0,(W52/$AA51)*100) | X53: =IF($AA51=0,0,(X52/$AA51)*100) | Y53: =IF($AA51=0,0,(Y52/$AA51)*100) | Z53: =IF($AA51=0,0,(Z52/$AA51)*100) | AA53: PR% | AJ53: =IF($AP51=0,0,(AJ52/$AP51)*100) | AK53: =IF($AP51=0,0,(AK52/$AP51)*100) | AL53: =IF($AP51=0,0,(AL52/$AP51)*100) | AM53: =IF($AP51=0,0,(AM52/$AP51)*100) | AN53: =IF($AP51=0,0,(AN52/$AP51)*100) | AO53: =IF($AP51=0,0,(AO52/$AP51)*100) | AP53: PR%
A54: SET V
D55: =D43 | L55: =L43 | U55: =IF($B56="","",$B56) | V55: =IF(U55="","",IF(U55=1,6,U55-1)) | W55: =IF(V55="","",IF(V55=1,6,V55-1)) | X55: =IF(W55="","",IF(W55=1,6,W55-1)) | Y55: =IF(X55="","",IF(X55=1,6,X55-1)) | Z55: =IF(Y55="","",IF(Y55=1,6,Y55-1)) | AA55: P | AB55: SET V | AD55: =IF(D57="","",MAX(D57:I62)) | AJ55: =IF($B56="","",$B56) | AK55: =IF(AJ55="","",IF(AJ55=1,6,AJ55-1)) | AL55: =IF(AK55="","",IF(AK55=1,6,AK55-1)) | AM55: =IF(AL55="","",IF(AL55=1,6,AL55-1)) | AN55: =IF(AM55="","",IF(AM55=1,6,AM55-1)) | AO55: =IF(AN55="","",IF(AN55=1,6,AN55-1)) | AP55: P | AQ55: SET V | AS55: =IF(L57="","",MAX(L57:Q62))
A56: P | D56: I | E56: II | F56: III | G56: IV | H56: V | I56: VI | L56: I | M56: II | N56: III | O56: IV | P56: V | Q56: VI | U56: I | V56: II | W56: III | X56: IV | Y56: V | Z56: VI | AA56: TR | AJ56: I | AK56: II | AL56: III | AM56: IV | AN56: V | AO56: VI | AP56: TR
U57: =IF(D57="","",IF(UPPER(D57)="X","",D57)) | V57: =IF(E57="","",IF(UPPER(D57)="X",E57-1,E57-D57-1)) | W57: =IF(F57="","",F57-E57-1) | X57: =IF(G57="","",G57-F57-1) | Y57: =IF(H57="","",H57-G57-1) | Z57: =IF(I57="","",I57-H57-1) | AA57: =SUM(U57:Z57) | AJ57: =IF(L57="","",IF(UPPER(L57)="X","",L57)) | AK57: =IF(M57="","",IF(UPPER(L57)="X",M57-1,M57-L57-1)) | AL57: =IF(N57="","",N57-M57-1) | AM57: =IF(O57="","",O57-N57-1) | AN57: =IF(P57="","",P57-O57-1) | AO57: =IF(Q57="","",Q57-P57-1) | AP57: =SUM(AJ57:AO57)
U58: =IF(D58="","",D58-I57-1) | V58: =IF(E58="","",E58-D58-1) | W58: =IF(F58="","",F58-E58-1) | X58: =IF(G58="","",G58-F58-1) | Y58: =IF(H58="","",H58-G58-1) | Z58: =IF(I58="","",I58-H58-1) | AA58: =SUM(U58:Z58) | AJ58: =IF(L58="","",L58-Q57-1) | AK58: =IF(M58="","",M58-L58-1) | AL58: =IF(N58="","",N58-M58-1) | AM58: =IF(O58="","",O58-N58-1) | AN58: =IF(P58="","",P58-O58-1) | AO58: =IF(Q58="","",Q58-P58-1) | AP58: =SUM(AJ58:AO58)
U59: =IF(D59="","",D59-I58-1) | V59: =IF(E59="","",E59-D59-1) | W59: =IF(F59="","",F59-E59-1) | X59: =IF(G59="","",G59-F59-1) | Y59: =IF(H59="","",H59-G59-1) | Z59: =IF(I59="","",I59-H59-1) | AA59: =SUM(U59:Z59) | AJ59: =IF(L59="","",L59-Q58-1) | AK59: =IF(M59="","",M59-L59-1) | AL59: =IF(N59="","",N59-M59-1) | AM59: =IF(O59="","",O59-N59-1) | AN59: =IF(P59="","",P59-O59-1) | AO59: =IF(Q59="","",Q59-P59-1) | AP59: =SUM(AJ59:AO59)
U60: =IF(D60="","",D60-I59-1) | V60: =IF(E60="","",E60-D60-1) | W60: =IF(F60="","",F60-E60-1) | X60: =IF(G60="","",G60-F60-1) | Y60: =IF(H60="","",H60-G60-1) | Z60: =IF(I60="","",I60-H60-1) | AA60: =SUM(U60:Z60) | AJ60: =IF(L60="","",L60-Q59-1) | AK60: =IF(M60="","",M60-L60-1) | AL60: =IF(N60="","",N60-M60-1) | AM60: =IF(O60="","",O60-N60-1) | AN60: =IF(P60="","",P60-O60-1) | AO60: =IF(Q60="","",Q60-P60-1) | AP60: =SUM(AJ60:AO60)
U61: =IF(D61="","",D61-I60-1) | V61: =IF(E61="","",E61-D61-1) | W61: =IF(F61="","",F61-E61-1) | X61: =IF(G61="","",G61-F61-1) | Y61: =IF(H61="","",H61-G61-1) | Z61: =IF(I61="","",I61-H61-1) | AA61: =SUM(U61:Z61) | AJ61: =IF(L61="","",L61-Q60-1) | AK61: =IF(M61="","",M61-L61-1) | AL61: =IF(N61="","",N61-M61-1) | AM61: =IF(O61="","",O61-N61-1) | AN61: =IF(P61="","",P61-O61-1) | AO61: =IF(Q61="","",Q61-P61-1) | AP61: =SUM(AJ61:AO61)
U62: =IF(D62="","",D62-I61-1) | V62: =IF(E62="","",E62-D62-1) | W62: =IF(F62="","",F62-E62-1) | X62: =IF(G62="","",G62-F62-1) | Y62: =IF(H62="","",H62-G62-1) | Z62: =IF(I62="","",I62-H62-1) | AA62: =SUM(U62:Z62) | AJ62: =IF(L62="","",L62-Q61-1) | AK62: =IF(M62="","",M62-L62-1) | AL62: =IF(N62="","",N62-M62-1) | AM62: =IF(O62="","",O62-N62-1) | AN62: =IF(P62="","",P62-O62-1) | AO62: =IF(Q62="","",Q62-P62-1) | AP62: =SUM(AJ62:AO62)
U63: =COUNTIF(U57:U62,">=0") | V63: =COUNTIF(V57:V62,">=0") | W63: =COUNTIF(W57:W62,">=0") | X63: =COUNTIF(X57:X62,">=0") | Y63: =COUNTIF(Y57:Y62,">=0") | Z63: =COUNTIF(Z57:Z62,">=0") | AA63: =SUM(AA57:AA62) | AB63: =IF(OR(AD55=0,AD55=""),"",(AA63/AD55)*100) | AJ63: =COUNTIF(AJ57:AJ62,">=0") | AK63: =COUNTIF(AK57:AK62,">=0") | AL63: =COUNTIF(AL57:AL62,">=0") | AM63: =COUNTIF(AM57:AM62,">=0") | AN63: =COUNTIF(AN57:AN62,">=0") | AO63: =COUNTIF(AO57:AO62,">=0") | AP63: =SUM(AP57:AP62) | AQ63: =IF(OR(AS55=0,AS55=""),"",(AP63/AS55)*100)
U64: =SUM(U57:U62) | V64: =SUM(V57:V62) | W64: =SUM(W57:W62) | X64: =SUM(X57:X62) | Y64: =SUM(Y57:Y62) | Z64: =SUM(Z57:Z62) | AJ64: =SUM(AJ57:AJ62) | AK64: =SUM(AK57:AK62) | AL64: =SUM(AL57:AL62) | AM64: =SUM(AM57:AM62) | AN64: =SUM(AN57:AN62) | AO64: =SUM(AO57:AO62)
U65: =IF($AA63=0,0,(U64/$AA63)*100) | V65: =IF($AA63=0,0,(V64/$AA63)*100) | W65: =IF($AA63=0,0,(W64/$AA63)*100) | X65: =IF($AA63=0,0,(X64/$AA63)*100) | Y65: =IF($AA63=0,0,(Y64/$AA63)*100) | Z65: =IF($AA63=0,0,(Z64/$AA63)*100) | AA65: PR% | AJ65: =IF($AP63=0,0,(AJ64/$AP63)*100) | AK65: =IF($AP63=0,0,(AK64/$AP63)*100) | AL65: =IF($AP63=0,0,(AL64/$AP63)*100) | AM65: =IF($AP63=0,0,(AM64/$AP63)*100) | AN65: =IF($AP63=0,0,(AN64/$AP63)*100) | AO65: =IF($AP63=0,0,(AO64/$AP63)*100) | AP65: PR%
S72: SET | U72: TURNI PER ROTAZIONE | AB72: PUNTI PER ROTAZIONE | AI72: SET | AJ72: TURNI PER ROTAZIONE | AQ72: PUNTI PER ROTAZIONE | AX72: SET
U73: 1 | V73: 2 | W73: 3 | X73: 4 | Y73: 5 | Z73: 6 | AB73: 1 | AC73: 2 | AD73: 3 | AE73: 4 | AF73: 5 | AG73: 6 | AJ73: 1 | AK73: 2 | AL73: 3 | AM73: 4 | AN73: 5 | AO73: 6 | AQ73: 1 | AR73: 2 | AS73: 3 | AT73: 4 | AU73: 5 | AV73: 6
S74: I | U74: =IF($D$9="",0,HLOOKUP(U$73,$U$7:$Z$16,9,FALSE)) | V74: =IF($D$9="",0,HLOOKUP(V$73,$U$7:$Z$16,9,FALSE)) | W74: =IF($D$9="",0,HLOOKUP(W$73,$U$7:$Z$16,9,FALSE)) | X74: =IF($D$9="",0,HLOOKUP(X$73,$U$7:$Z$16,9,FALSE)) | Y74: =IF($D$9="",0,HLOOKUP(Y$73,$U$7:$Z$16,9,FALSE)) | Z74: =IF($D$9="",0,HLOOKUP(Z$73,$U$7:$Z$16,9,FALSE)) | AB74: =IF($D$9="",0,HLOOKUP(AB$73,$U$7:$Z$16,10,FALSE)) | AC74: =IF($D$9="",0,HLOOKUP(AC$73,$U$7:$Z$16,10,FALSE)) | AD74: =IF($D$9="",0,HLOOKUP(AD$73,$U$7:$Z$16,10,FALSE)) | AE74: =IF($D$9="",0,HLOOKUP(AE$73,$U$7:$Z$16,10,FALSE)) | AF74: =IF($D$9="",0,HLOOKUP(AF$73,$U$7:$Z$16,10,FALSE)) | AG74: =IF($D$9="",0,HLOOKUP(AG$73,$U$7:$Z$16,10,FALSE)) | AI74: I | AJ74: =IF($L$9="",0,HLOOKUP(AJ$73,$AJ$7:$AO$16,9,FALSE)) | AK74: =IF($L$9="",0,HLOOKUP(AK$73,$AJ$7:$AO$16,9,FALSE)) | AL74: =IF($L$9="",0,HLOOKUP(AL$73,$AJ$7:$AO$16,9,FALSE)) | AM74: =IF($L$9="",0,HLOOKUP(AM$73,$AJ$7:$AO$16,9,FALSE)) | AN74: =IF($L$9="",0,HLOOKUP(AN$73,$AJ$7:$AO$16,9,FALSE)) | AO74: =IF($L$9="",0,HLOOKUP(AO$73,$AJ$7:$AO$16,9,FALSE)) | AQ74: =IF($L$9="",0,HLOOKUP(AQ$73,$AJ$7:$AO$16,10,FALSE)) | AR74: =IF($L$9="",0,HLOOKUP(AR$73,$AJ$7:$AO$16,10,FALSE)) | AS74: =IF($L$9="",0,HLOOKUP(AS$73,$AJ$7:$AO$16,10,FALSE)) | AT74: =IF($L$9="",0,HLOOKUP(AT$73,$AJ$7:$AO$16,10,FALSE)) | AU74: =IF($L$9="",0,HLOOKUP(AU$73,$AJ$7:$AO$16,10,FALSE)) | AV74: =IF($L$9="",0,HLOOKUP(AV$73,$AJ$7:$AO$16,10,FALSE)) | AX74: I
S75: II | U75: =IF($D$21="",0,HLOOKUP(U$73,$U$19:$Z$28,9,FALSE)) | V75: =IF($D$21="",0,HLOOKUP(V$73,$U$19:$Z$28,9,FALSE)) | W75: =IF($D$21="",0,HLOOKUP(W$73,$U$19:$Z$28,9,FALSE)) | X75: =IF($D$21="",0,HLOOKUP(X$73,$U$19:$Z$28,9,FALSE)) | Y75: =IF($D$21="",0,HLOOKUP(Y$73,$U$19:$Z$28,9,FALSE)) | Z75: =IF($D$21="",0,HLOOKUP(Z$73,$U$19:$Z$28,9,FALSE)) | AB75: =IF($D$21="",0,HLOOKUP(AB$73,$U$19:$Z$28,10,FALSE)) | AC75: =IF($D$21="",0,HLOOKUP(AC$73,$U$19:$Z$28,10,FALSE)) | AD75: =IF($D$21="",0,HLOOKUP(AD$73,$U$19:$Z$28,10,FALSE)) | AE75: =IF($D$21="",0,HLOOKUP(AE$73,$U$19:$Z$28,10,FALSE)) | AF75: =IF($D$21="",0,HLOOKUP(AF$73,$U$19:$Z$28,10,FALSE)) | AG75: =IF($D$21="",0,HLOOKUP(AG$73,$U$19:$Z$28,10,FALSE)) | AI75: II | AJ75: =IF($L$21="",0,HLOOKUP(AJ$73,$AJ$19:$AO$28,9,FALSE)) | AK75: =IF($L$21="",0,HLOOKUP(AK$73,$AJ$19:$AO$28,9,FALSE)) | AL75: =IF($L$21="",0,HLOOKUP(AL$73,$AJ$19:$AO$28,9,FALSE)) | AM75: =IF($L$21="",0,HLOOKUP(AM$73,$AJ$19:$AO$28,9,FALSE)) | AN75: =IF($L$21="",0,HLOOKUP(AN$73,$AJ$19:$AO$28,9,FALSE)) | AO75: =IF($L$21="",0,HLOOKUP(AO$73,$AJ$19:$AO$28,9,FALSE)) | AQ75: =IF($L$21="",0,HLOOKUP(AQ$73,$AJ$19:$AO$28,10,FALSE)) | AR75: =IF($L$21="",0,HLOOKUP(AR$73,$AJ$19:$AO$28,10,FALSE)) | AS75: =IF($L$21="",0,HLOOKUP(AS$73,$AJ$19:$AO$28,10,FALSE)) | AT75: =IF($L$21="",0,HLOOKUP(AT$73,$AJ$19:$AO$28,10,FALSE)) | AU75: =IF($L$21="",0,HLOOKUP(AU$73,$AJ$19:$AO$28,10,FALSE)) | AV75: =IF($L$21="",0,HLOOKUP(AV$73,$AJ$19:$AO$28,10,FALSE)) | AX75: II
S76: III | U76: =IF($D$33="",0,HLOOKUP(U$73,$U$31:$Z$40,9,FALSE)) | V76: =IF($D$33="",0,HLOOKUP(V$73,$U$31:$Z$40,9,FALSE)) | W76: =IF($D$33="",0,HLOOKUP(W$73,$U$31:$Z$40,9,FALSE)) | X76: =IF($D$33="",0,HLOOKUP(X$73,$U$31:$Z$40,9,FALSE)) | Y76: =IF($D$33="",0,HLOOKUP(Y$73,$U$31:$Z$40,9,FALSE)) | Z76: =IF($D$33="",0,HLOOKUP(Z$73,$U$31:$Z$40,9,FALSE)) | AB76: =IF($D$33="",0,HLOOKUP(AB$73,$U$31:$Z$40,10,FALSE)) | AC76: =IF($D$33="",0,HLOOKUP(AC$73,$U$31:$Z$40,10,FALSE)) | AD76: =IF($D$33="",0,HLOOKUP(AD$73,$U$31:$Z$40,10,FALSE)) | AE76: =IF($D$33="",0,HLOOKUP(AE$73,$U$31:$Z$40,10,FALSE)) | AF76: =IF($D$33="",0,HLOOKUP(AF$73,$U$31:$Z$40,10,FALSE)) | AG76: =IF($D$33="",0,HLOOKUP(AG$73,$U$31:$Z$40,10,FALSE)) | AI76: III | AJ76: =IF($L$33="",0,HLOOKUP(AJ$73,$AJ$31:$AO$40,9,FALSE)) | AK76: =IF($L$33="",0,HLOOKUP(AK$73,$AJ$31:$AO$40,9,FALSE)) | AL76: =IF($L$33="",0,HLOOKUP(AL$73,$AJ$31:$AO$40,9,FALSE)) | AM76: =IF($L$33="",0,HLOOKUP(AM$73,$AJ$31:$AO$40,9,FALSE)) | AN76: =IF($L$33="",0,HLOOKUP(AN$73,$AJ$31:$AO$40,9,FALSE)) | AO76: =IF($L$33="",0,HLOOKUP(AO$73,$AJ$31:$AO$40,9,FALSE)) | AQ76: =IF($L$33="",0,HLOOKUP(AQ$73,$AJ$31:$AO$40,10,FALSE)) | AR76: =IF($L$33="",0,HLOOKUP(AR$73,$AJ$31:$AO$40,10,FALSE)) | AS76: =IF($L$33="",0,HLOOKUP(AS$73,$AJ$31:$AO$40,10,FALSE)) | AT76: =IF($L$33="",0,HLOOKUP(AT$73,$AJ$31:$AO$40,10,FALSE)) | AU76: =IF($L$33="",0,HLOOKUP(AU$73,$AJ$31:$AO$40,10,FALSE)) | AV76: =IF($L$33="",0,HLOOKUP(AV$73,$AJ$31:$AO$40,10,FALSE)) | AX76: III
S77: IV | U77: =IF($D$45="",0,HLOOKUP(U$73,$U$43:$Z$52,9,FALSE)) | V77: =IF($D$45="",0,HLOOKUP(V$73,$U$43:$Z$52,9,FALSE)) | W77: =IF($D$45="",0,HLOOKUP(W$73,$U$43:$Z$52,9,FALSE)) | X77: =IF($D$45="",0,HLOOKUP(X$73,$U$43:$Z$52,9,FALSE)) | Y77: =IF($D$45="",0,HLOOKUP(Y$73,$U$43:$Z$52,9,FALSE)) | Z77: =IF($D$45="",0,HLOOKUP(Z$73,$U$43:$Z$52,9,FALSE)) | AB77: =IF($D$45="",0,HLOOKUP(AB$73,$U$43:$Z$52,10,FALSE)) | AC77: =IF($D$45="",0,HLOOKUP(AC$73,$U$43:$Z$52,10,FALSE)) | AD77: =IF($D$45="",0,HLOOKUP(AD$73,$U$43:$Z$52,10,FALSE)) | AE77: =IF($D$45="",0,HLOOKUP(AE$73,$U$43:$Z$52,10,FALSE)) | AF77: =IF($D$45="",0,HLOOKUP(AF$73,$U$43:$Z$52,10,FALSE)) | AG77: =IF($D$45="",0,HLOOKUP(AG$73,$U$43:$Z$52,10,FALSE)) | AI77: IV | AJ77: =IF($L$45="",0,HLOOKUP(AJ$73,$AJ$43:$AO$52,9,FALSE)) | AK77: =IF($L$45="",0,HLOOKUP(AK$73,$AJ$43:$AO$52,9,FALSE)) | AL77: =IF($L$45="",0,HLOOKUP(AL$73,$AJ$43:$AO$52,9,FALSE)) | AM77: =IF($L$45="",0,HLOOKUP(AM$73,$AJ$43:$AO$52,9,FALSE)) | AN77: =IF($L$45="",0,HLOOKUP(AN$73,$AJ$43:$AO$52,9,FALSE)) | AO77: =IF($L$45="",0,HLOOKUP(AO$73,$AJ$43:$AO$52,9,FALSE)) | AQ77: =IF($L$45="",0,HLOOKUP(AQ$73,$AJ$43:$AO$52,10,FALSE)) | AR77: =IF($L$45="",0,HLOOKUP(AR$73,$AJ$43:$AO$52,10,FALSE)) | AS77: =IF($L$45="",0,HLOOKUP(AS$73,$AJ$43:$AO$52,10,FALSE)) | AT77: =IF($L$45="",0,HLOOKUP(AT$73,$AJ$43:$AO$52,10,FALSE)) | AU77: =IF($L$45="",0,HLOOKUP(AU$73,$AJ$43:$AO$52,10,FALSE)) | AV77: =IF($L$45="",0,HLOOKUP(AV$73,$AJ$43:$AO$52,10,FALSE)) | AX77: IV
S78: V | U78: =IF($D$57="",0,HLOOKUP(U$73,$U$55:$Z$64,9,FALSE)) | V78: =IF($D$57="",0,HLOOKUP(V$73,$U$55:$Z$64,9,FALSE)) | W78: =IF($D$57="",0,HLOOKUP(W$73,$U$55:$Z$64,9,FALSE)) | X78: =IF($D$57="",0,HLOOKUP(X$73,$U$55:$Z$64,9,FALSE)) | Y78: =IF($D$57="",0,HLOOKUP(Y$73,$U$55:$Z$64,9,FALSE)) | Z78: =IF($D$57="",0,HLOOKUP(Z$73,$U$55:$Z$64,9,FALSE)) | AB78: =IF($D$57="",0,HLOOKUP(AB$73,$U$55:$Z$64,10,FALSE)) | AC78: =IF($D$57="",0,HLOOKUP(AC$73,$U$55:$Z$64,10,FALSE)) | AD78: =IF($D$57="",0,HLOOKUP(AD$73,$U$55:$Z$64,10,FALSE)) | AE78: =IF($D$57="",0,HLOOKUP(AE$73,$U$55:$Z$64,10,FALSE)) | AF78: =IF($D$57="",0,HLOOKUP(AF$73,$U$55:$Z$64,10,FALSE)) | AG78: =IF($D$57="",0,HLOOKUP(AG$73,$U$55:$Z$64,10,FALSE)) | AI78: V | AJ78: =IF($L$57="",0,HLOOKUP(AJ$73,$AJ$55:$AO$64,9,FALSE)) | AK78: =IF($L$57="",0,HLOOKUP(AK$73,$AJ$55:$AO$64,9,FALSE)) | AL78: =IF($L$57="",0,HLOOKUP(AL$73,$AJ$55:$AO$64,9,FALSE)) | AM78: =IF($L$57="",0,HLOOKUP(AM$73,$AJ$55:$AO$64,9,FALSE)) | AN78: =IF($L$57="",0,HLOOKUP(AN$73,$AJ$55:$AO$64,9,FALSE)) | AO78: =IF($L$57="",0,HLOOKUP(AO$73,$AJ$55:$AO$64,9,FALSE)) | AQ78: =IF($L$57="",0,HLOOKUP(AQ$73,$AJ$55:$AO$64,10,FALSE)) | AR78: =IF($L$57="",0,HLOOKUP(AR$73,$AJ$55:$AO$64,10,FALSE)) | AS78: =IF($L$57="",0,HLOOKUP(AS$73,$AJ$55:$AO$64,10,FALSE)) | AT78: =IF($L$57="",0,HLOOKUP(AT$73,$AJ$55:$AO$64,10,FALSE)) | AU78: =IF($L$57="",0,HLOOKUP(AU$73,$AJ$55:$AO$64,10,FALSE)) | AV78: =IF($L$57="",0,HLOOKUP(AV$73,$AJ$55:$AO$64,10,FALSE)) | AX78: V
U79: =SUM(U74:U78) | V79: =SUM(V74:V78) | W79: =SUM(W74:W78) | X79: =SUM(X74:X78) | Y79: =SUM(Y74:Y78) | Z79: =SUM(Z74:Z78) | AB79: =SUM(AB74:AB78) | AC79: =SUM(AC74:AC78) | AD79: =SUM(AD74:AD78) | AE79: =SUM(AE74:AE78) | AF79: =SUM(AF74:AF78) | AG79: =SUM(AG74:AG78) | AJ79: =SUM(AJ74:AJ78) | AK79: =SUM(AK74:AK78) | AL79: =SUM(AL74:AL78) | AM79: =SUM(AM74:AM78) | AN79: =SUM(AN74:AN78) | AO79: =SUM(AO74:AO78) | AQ79: =SUM(AQ74:AQ78) | AR79: =SUM(AR74:AR78) | AS79: =SUM(AS74:AS78) | AT79: =SUM(AT74:AT78) | AU79: =SUM(AU74:AU78) | AV79: =SUM(AV74:AV78)
AA82: 0 | AB82: =U79-COUNTIF(AB74:AB78,">0") | AC82: =V79-COUNTIF(AC74:AC78,">0") | AD82: =W79-COUNTIF(AD74:AD78,">0") | AE82: =X79-COUNTIF(AE74:AE78,">0") | AF82: =Y79-COUNTIF(AF74:AF78,">0") | AG82: =Z79-COUNTIF(AG74:AG78,">0") | AP82: 0 | AQ82: =AJ79-COUNTIF(AQ74:AQ78,">0") | AR82: =AK79-COUNTIF(AR74:AR78,">0") | AS82: =AL79-COUNTIF(AS74:AS78,">0") | AT82: =AM79-COUNTIF(AT74:AT78,">0") | AU82: =AN79-COUNTIF(AU74:AU78,">0") | AV82: =AO79-COUNTIF(AV74:AV78,">0")
AA83: 1 | AB83: =COUNTIF(AB74:AB78,">0") | AC83: =COUNTIF(AC74:AC78,">0") | AD83: =COUNTIF(AD74:AD78,">0") | AE83: =COUNTIF(AE74:AE78,">0") | AF83: =COUNTIF(AF74:AF78,">0") | AG83: =COUNTIF(AG74:AG78,">0") | AP83: 1 | AQ83: =COUNTIF(AQ74:AQ78,">0") | AR83: =COUNTIF(AR74:AR78,">0") | AS83: =COUNTIF(AS74:AS78,">0") | AT83: =COUNTIF(AT74:AT78,">0") | AU83: =COUNTIF(AU74:AU78,">0") | AV83: =COUNTIF(AV74:AV78,">0")
AA84: > | AB84: =COUNTIF(AB74:AB78,">1") | AC84: =COUNTIF(AC74:AC78,">1") | AD84: =COUNTIF(AD74:AD78,">1") | AE84: =COUNTIF(AE74:AE78,">1") | AF84: =COUNTIF(AF74:AF78,">1") | AG84: =COUNTIF(AG74:AG78,">1") | AP84: > | AQ84: =COUNTIF(AQ74:AQ78,">1") | AR84: =COUNTIF(AR74:AR78,">1") | AS84: =COUNTIF(AS74:AS78,">1") | AT84: =COUNTIF(AT74:AT78,">1") | AU84: =COUNTIF(AU74:AU78,">1") | AV84: =COUNTIF(AV74:AV78,">1")

Sheet Gara_3
U1: =IF($A$1="","",$A$1) | AJ1: =IF($A$1="","",$A$1) | AZ1: =IF($A$1="","",$A$1)
S2: ---
W3: RIASSUNTO SCALARE DEI PUNTI FATTI | AL3: RIASSUNTO SCALARE DEI PUNTI SUBITI | BB3: TOTALI E RELATIVI GRAFICI
A6: SET I | BA6: TPF | BB6: =AA15+AA27+AA39+AA51+AA63 | BD6: FATTI | BJ6: TPS | BK6: =AP15+AP27+AP39+AP51+AP63 | BM6: SUBITI
U7: =IF($B8="","",$B8) | V7: =IF(U7="","",IF(U7=1,6,U7-1)) | W7: =IF(V7="","",IF(V7=1,6,V7-1)) | X7: =IF(W7="","",IF(W7=1,6,W7-1)) | Y7: =IF(X7="","",IF(X7=1,6,X7-1)) | Z7: =IF(Y7="","",IF(Y7=1,6,Y7-1)) | AA7: P | AB7: SET I | AD7: =IF(D9="","",MAX(D9:I14)) | AJ7: =IF($B8="","",$B8) | AK7: =IF(AJ7="","",IF(AJ7=1,6,AJ7-1)) | AL7: =IF(AK7="","",IF(AK7=1,6,AK7-1)) | AM7: =IF(AL7="","",IF(AL7=1,6,AL7-1)) | AN7: =IF(AM7="","",IF(AM7=1,6,AM7-1)) | AO7: =IF(AN7="","",IF(AN7=1,6,AN7-1)) | AP7: P | AQ7: SET I | AS7: =IF(L9="","",MAX(L9:Q14)) | AZ7: P | BA7: 1 | BB7: 2 | BC7: 3 | BD7: 4 | BE7: 5 | BF7: 6 | BI7: P | BJ7: 1 | BK7: 2 | BL7: 3 | BM7: 4 | BN7: 5 | BO7: 6
A8: P | D8: I | E8: II | F8: III | G8: IV | H8: V | I8: VI | L8: I | M8: II | N8: III | O8: IV | P8: V | Q8: VI | U8: I | V8: II | W8: III | X8: IV | Y8: V | Z8: VI | AA8: TR | AJ8: I | AK8: II | AL8: III | AM8: IV | AN8: V | AO8: VI | AP8: TR | AZ8: TT | BA8: =U79 | BB8: =V79 | BC8: =W79 | BD8: =X79 | BE8: =Y79 | BF8: =Z79 | BI8: TT | BJ8: =AJ79 | BK8: =AK79 | BL8: =AL79 | BM8: =AM79 | BN8: =AN79 | BO8: =AO79
U9: =IF(D9="","",IF(UPPER(D9)="X","",D9)) | V9: =IF(E9="","",IF(UPPER(D9)="X",E9-1,E9-D9-1)) | W9: =IF(F9="","",F9-E9-1) | X9: =IF(G9="","",G9-F9-1) | Y9: =IF(H9="","",H9-G9-1) | Z9: =IF(I9="","",I9-H9-1) | AA9: =SUM(U9:Z9) | AJ9: =IF(L9="","",IF(UPPER(L9)="X","",L9)) | AK9: =IF(M9="","",IF(UPPER(L9)="X",M9-1,M9-L9-1)) | AL9: =IF(N9="","",N9-M9-1) | AM9: =IF(O9="","",O9-N9-1) | AN9: =IF(P9="","",P9-O9-1) | AO9: =IF(Q9="","",Q9-P9-1) | AP9: =SUM(AJ9:AO9) | AZ9: TP | BA9: =AB79 | BB9: =AC79 | BC9: =AD79 | BD9: =AE79 | BE9: =AF79 | BF9: =AG79 | BI9: TP | BJ9: =AQ79 | BK9: =AR79 | BL9: =AS79 | BM9: =AT79 | BN9: =AU79 | BO9: =AV79
U10: =IF(D10="","",D10-I9-1) | V10: =IF(E10="","",E10-D10-1) | W10: =IF(F10="","",F10-E10-1) | X10: =IF(G10="","",G10-F10-1) | Y10: =IF(H10="","",H10-G10-1) | Z10: =IF(I10="","",I10-H10-1) | AA10: =SUM(U10:Z10) | AJ10: =IF(L10="","",L10-Q9-1) | AK10: =IF(M10="","",M10-L10-1) | AL10: =IF(N10="","",N10-M10-1) | AM10: =IF(O10="","",O10-N10-1) | AN10: =IF(P10="","",P10-O10-1) | AO10: =IF(Q10="","",Q10-P10-1) | AP10: =SUM(AJ10:AO10) | AZ10: MP | BA10: =IF(BA8=0,0,BA9/BA8) | BB10: =IF(BB8=0,0,BB9/BB8) | BC10: =IF(BC8=0,0,BC9/BC8) | BD10: =IF(BD8=0,0,BD9/BD8) | BE10: =IF(BE8=0,0,BE9/BE8) | BF10: =IF(BF8=0,0,BF9/BF8) | BI10: MP | BJ10: =IF(BJ8=0,0,BJ9/BJ8) | BK10: =IF(BK8=0,0,BK9/BK8) | BL10: =IF(BL8=0,0,BL9/BL8) | BM10: =IF(BM8=0,0,BM9/BM8) | BN10: =IF(BN8=0,0,BN9/BN8) | BO10: =IF(BO8=0,0,BO9/BO8)
U11: =IF(D11="","",D11-I10-1) | V11: =IF(E11="","",E11-D11-1) | W11: =IF(F11="","",F11-E11-1) | X11: =IF(G11="","",G11-F11-1) | Y11: =IF(H11="","",H11-G11-1) | Z11: =IF(I11="","",I11-H11-1) | AA11: =SUM(U11:Z11) | AJ11: =IF(L11="","",L11-Q10-1) | AK11: =IF(M11="","",M11-L11-1) | AL11: =IF(N11="","",N11-M11-1) | AM11: =IF(O11="","",O11-N11-1) | AN11: =IF(P11="","",P11-O11-1) | AO11: =IF(Q11="","",Q11-P11-1) | AP11: =SUM(AJ11:AO11) | AZ11: %PT | BA11: =IF($BB$6=0,0,(BA9/$BB$6)*100) | BB11: =IF($BB$6=0,0,(BB9/$BB$6)*100) | BC11: =IF($BB$6=0,0,(BC9/$BB$6)*100) | BD11: =IF($BB$6=0,0,(BD9/$BB$6)*100) | BE11: =IF($BB$6=0,0,(BE9/$BB$6)*100) | BF11: =IF($BB$6=0,0,(BF9/$BB$6)*100) | BI11: %PT | BJ11: =IF($BK$6=0,0,(BJ9/$BB$6)*100) | BK11: =IF($BK$6=0,0,(BK9/$BB$6)*100) | BL11: =IF($BK$6=0,0,(BL9/$BB$6)*100) | BM11: =IF($BK$6=0,0,(BM9/$BB$6)*100) | BN11: =IF($BK$6=0,0,(BN9/$BB$6)*100) | BO11: =IF($BK$6=0,0,(BO9/$BB$6)*100)
U12: =IF(D12="","",D12-I11-1) | V12: =IF(E12="","",E12-D12-1) | W12: =IF(F12="","",F12-E12-1) | X12: =IF(G12="","",G12-F12-1) | Y12: =IF(H12="","",H12-G12-1) | Z12: =IF(I12="","",I12-H12-1) | AA12: =SUM(U12:Z12) | AJ12: =IF(L12="","",L12-Q11-1) | AK12: =IF(M12="","",M12-L12-1) | AL12: =IF(N12="","",N12-M12-1) | AM12: =IF(O12="","",O12-N12-1) | AN12: =IF(P12="","",P12-O12-1) | AO12: =IF(Q12="","",Q12-P12-1) | AP12: =SUM(AJ12:AO12) | AZ12: %=0 | BA12: =IF(BA$8=0,0,(AB82/BA$8)*100) | BB12: =IF(BB$8=0,0,(AC82/BB$8)*100) | BC12: =IF(BC$8=0,0,(AD82/BC$8)*100) | BD12: =IF(BD$8=0,0,(AE82/BD$8)*100) | BE12: =IF(BE$8=0,0,(AF82/BE$8)*100) | BF12: =IF(BF$8=0,0,(AG82/BF$8)*100) | BI12: %=0 | BJ12: =IF(BJ$8=0,0,(AQ82/BJ$8)*100) | BK12: =IF(BK$8=0,0,(AR82/BK$8)*100) | BL12: =IF(BL$8=0,0,(AS82/BL$8)*100) | BM12: =IF(BM$8=0,0,(AT82/BM$8)*100) | BN12: =IF(BN$8=0,0,(AU82/BN$8)*100) | BO12: =IF(BO$8=0,0,(AV82/BO$8)*100)
U13: =IF(D13="","",D13-I12-1) | V13: =IF(E13="","",E13-D13-1) | W13: =IF(F13="","",F13-E13-1) | X13: =IF(G13="","",G13-F13-1) | Y13: =IF(H13="","",H13-G13-1) | Z13: =IF(I13="","",I13-H13-1) | AA13: =SUM(U13:Z13) | AJ13: =IF(L13="","",L13-Q12-1) | AK13: =IF(M13="","",M13-L13-1) | AL13: =IF(N13="","",N13-M13-1) | AM13: =IF(O13="","",O13-N13-1) | AN13: =IF(P13="","",P13-O13-1) | AO13: =IF(Q13="","",Q13-P13-1) | AP13: =SUM(AJ13:AO13) | AZ13: %>0 | BA13: =IF(BA$8=0,0,(AB83/BA$8)*100) | BB13: =IF(BB$8=0,0,(AC83/BB$8)*100) | BC13: =IF(BC$8=0,0,(AD83/BC$8)*100) | BD13: =IF(BD$8=0,0,(AE83/BD$8)*100) | BE13: =IF(BE$8=0,0,(AF83/BE$8)*100) | BF13: =IF(BF$8=0,0,(AG83/BF$8)*100) | BI13: %>0 | BJ13: =IF(BJ$8=0,0,(AQ83/BJ$8)*100) | BK13: =IF(BK$8=0,0,(AR83/BK$8)*100) | BL13: =IF(BL$8=0,0,(AS83/BL$8)*100) | BM13: =IF(BM$8=0,0,(AT83/BM$8)*100) | BN13: =IF(BN$8=0,0,(AU83/BN$8)*100) | BO13: =IF(BO$8=0,0,(AV83/BO$8)*100)
U14: =IF(D14="","",D14-I13-1) | V14: =IF(E14="","",E14-D14-1) | W14: =IF(F14="","",F14-E14-1) | X14: =IF(G14="","",G14-F14-1) | Y14: =IF(H14="","",H14-G14-1) | Z14: =IF(I14="","",I14-H14-1) | AA14: =SUM(U14:Z14) | AJ14: =IF(L14="","",L14-Q13-1) | AK14: =IF(M14="","",M14-L14-1) | AL14: =IF(N14="","",N14-M14-1) | AM14: =IF(O14="","",O14-N14-1) | AN14: =IF(P14="","",P14-O14-1) | AO14: =IF(Q14="","",Q14-P14-1) | AP14: =SUM(AJ14:AO14) | AZ14: %>1 | BA14: =IF(BA$8=0,0,(AB84/BA$8)*100) | BB14: =IF(BB$8=0,0,(AC84/BB$8)*100) | BC14: =IF(BC$8=0,0,(AD84/BC$8)*100) | BD14: =IF(BD$8=0,0,(AE84/BD$8)*100) | BE14: =IF(BE$8=0,0,(AF84/BE$8)*100) | BF14: =IF(BF$8=0,0,(AG84/BF$8)*100) | BI14: %>1 | BJ14: =IF(BJ$8=0,0,(AQ84/BJ$8)*100) | BK14: =IF(BK$8=0,0,(AR84/BK$8)*100) | BL14: =IF(BL$8=0,0,(AS84/BL$8)*100) | BM14: =IF(BM$8=0,0,(AT84/BM$8)*100) | BN14: =IF(BN$8=0,0,(AU84/BN$8)*100) | BO14: =IF(BO$8=0,0,(AV84/BO$8)*100)
U15: =COUNTIF(U9:U14,">=0") | V15: =COUNTIF(V9:V14,">=0") | W15: =COUNTIF(W9:W14,">=0") | X15: =COUNTIF(X9:X14,">=0") | Y15: =COUNTIF(Y9:Y14,">=0") | Z15: =COUNTIF(Z9:Z14,">=0") | AA15: =SUM(AA9:AA14) | AB15: =IF(OR(AD7=0,AD7=""),"",(AA15/AD7)*100) | AJ15: =COUNTIF(AJ9:AJ14,">=0") | AK15: =COUNTIF(AK9:AK14,">=0") | AL15: =COUNTIF(AL9:AL14,">=0") | AM15: =COUNTIF(AM9:AM14,">=0") | AN15: =COUNTIF(AN9:AN14,">=0") | AO15: =COUNTIF(AO9:AO14,">=0") | AP15: =SUM(AP9:AP14) | AQ15: =IF(OR(AS7=0,AS7=""),"",(AP15/AS7)*100)
U16: =SUM(U9:U14) | V16: =SUM(V9:V14) | W16: =SUM(W9:W14) | X16: =SUM(X9:X14) | Y16: =SUM(Y9:Y14) | Z16: =SUM(Z9:Z14) | AJ16: =SUM(AJ9:AJ14) | AK16: =SUM(AK9:AK14) | AL16: =SUM(AL9:AL14) | AM16: =SUM(AM9:AM14) | AN16: =SUM(AN9:AN14) | AO16: =SUM(AO9:AO14)
U17: =IF($AA15=0,0,(U16/$AA15)*100) | V17: =IF($AA15=0,0,(V16/$AA15)*100) | W17: =IF($AA15=0,0,(W16/$AA15)*100) | X17: =IF($AA15=0,0,(X16/$AA15)*100) | Y17: =IF($AA15=0,0,(Y16/$AA15)*100) | Z17: =IF($AA15=0,0,(Z16/$AA15)*100) | AA17: PR% | AJ17: =IF($AP15=0,0,(AJ16/$AP15)*100) | AK17: =IF($AP15=0,0,(AK16/$AP15)*100) | AL17: =IF($AP15=0,0,(AL16/$AP15)*100) | AM17: =IF($AP15=0,0,(AM16/$AP15)*100) | AN17: =IF($AP15=0,0,(AN16/$AP15)*100) | AO17: =IF($AP15=0,0,(AO16/$AP15)*100) | AP17: PR%
A18: SET II
D19: =IF($D$7="","",$D$7) | L19: =IF($L$7="","",$L$7) | U19: =IF($B20="","",$B20) | V19: =IF(U19="","",IF(U19=1,6,U19-1)) | W19: =IF(V19="","",IF(V19=1,6,V19-1)) | X19: =IF(W19="","",IF(W19=1,6,W19-1)) | Y19: =IF(X19="","",IF(X19=1,6,X19-1)) | Z19: =IF(Y19="","",IF(Y19=1,6,Y19-1)) | AA19: P | AB19: SET II | AD19: =IF(D21="","",MAX(D21:I26)) | AJ19: =IF($B20="","",$B20) | AK19: =IF(AJ19="","",IF(AJ19=1,6,AJ19-1)) | AL19: =IF(AK19="","",IF(AK19=1,6,AK19-1)) | AM19: =IF(AL19="","",IF(AL19=1,6,AL19-1)) | AN19: =IF(AM19="","",IF(AM19=1,6,AM19-1)) | AO19: =IF(AN19="","",IF(AN19=1,6,AN19-1)) | AP19: P | AQ19: SET II | AS19: =IF(L21="","",MAX(L21:Q26))
A20: P | D20: I | E20: II | F20: III | G20: IV | H20: V | I20: VI | L20: I | M20: II | N20: III | O20: IV | P20: V | Q20: VI | U20: I | V20: II | W20: III | X20: IV | Y20: V | Z20: VI | AA20: TR | AJ20: I | AK20: II | AL20: III | AM20: IV | AN20: V | AO20: VI | AP20: TR
U21: =IF(D21="","",IF(UPPER(D21)="X","",D21)) | V21: =IF(E21="","",IF(UPPER(D21)="X",E21-1,E21-D21-1)) | W21: =IF(F21="","",F21-E21-1) | X21: =IF(G21="","",G21-F21-1) | Y21: =IF(H21="","",H21-G21-1) | Z21: =IF(I21="","",I21-H21-1) | AA21: =SUM(U21:Z21) | AJ21: =IF(L21="","",IF(UPPER(L21)="X","",L21)) | AK21: =IF(M21="","",IF(UPPER(L21)="X",M21-1,M21-L21-1)) | AL21: =IF(N21="","",N21-M21-1) | AM21: =IF(O21="","",O21-N21-1) | AN21: =IF(P21="","",P21-O21-1) | AO21: =IF(Q21="","",Q21-P21-1) | AP21: =SUM(AJ21:AO21)
U22: =IF(D22="","",D22-I21-1) | V22: =IF(E22="","",E22-D22-1) | W22: =IF(F22="","",F22-E22-1) | X22: =IF(G22="","",G22-F22-1) | Y22: =IF(H22="","",H22-G22-1) | Z22: =IF(I22="","",I22-H22-1) | AA22: =SUM(U22:Z22) | AJ22: =IF(L22="","",L22-Q21-1) | AK22: =IF(M22="","",M22-L22-1) | AL22: =IF(N22="","",N22-M22-1) | AM22: =IF(O22="","",O22-N22-1) | AN22: =IF(P22="","",P22-O22-1) | AO22: =IF(Q22="","",Q22-P22-1) | AP22: =SUM(AJ22:AO22)
U23: =IF(D23="","",D23-I22-1) | V23: =IF(E23="","",E23-D23-1) | W23: =IF(F23="","",F23-E23-1) | X23: =IF(G23="","",G23-F23-1) | Y23: =IF(H23="","",H23-G23-1) | Z23: =IF(I23="","",I23-H23-1) | AA23: =SUM(U23:Z23) | AJ23: =IF(L23="","",L23-Q22-1) | AK23: =IF(M23="","",M23-L23-1) | AL23: =IF(N23="","",N23-M23-1) | AM23: =IF(O23="","",O23-N23-1) | AN23: =IF(P23="","",P23-O23-1) | AO23: =IF(Q23="","",Q23-P23-1) | AP23: =SUM(AJ23:AO23)
U24: =IF(D24="","",D24-I23-1) | V24: =IF(E24="","",E24-D24-1) | W24: =IF(F24="","",F24-E24-1) | X24: =IF(G24="","",G24-F24-1) | Y24: =IF(H24="","",H24-G24-1) | Z24: =IF(I24="","",I24-H24-1) | AA24: =SUM(U24:Z24) | AJ24: =IF(L24="","",L24-Q23-1) | AK24: =IF(M24="","",M24-L24-1) | AL24: =IF(N24="","",N24-M24-1) | AM24: =IF(O24="","",O24-N24-1) | AN24: =IF(P24="","",P24-O24-1) | AO24: =IF(Q24="","",Q24-P24-1) | AP24: =SUM(AJ24:AO24)
U25: =IF(D25="","",D25-I24-1) | V25: =IF(E25="","",E25-D25-1) | W25: =IF(F25="","",F25-E25-1) | X25: =IF(G25="","",G25-F25-1) | Y25: =IF(H25="","",H25-G25-1) | Z25: =IF(I25="","",I25-H25-1) | AA25: =SUM(U25:Z25) | AJ25: =IF(L25="","",L25-Q24-1) | AK25: =IF(M25="","",M25-L25-1) | AL25: =IF(N25="","",N25-M25-1) | AM25: =IF(O25="","",O25-N25-1) | AN25: =IF(P25="","",P25-O25-1) | AO25: =IF(Q25="","",Q25-P25-1) | AP25: =SUM(AJ25:AO25)
U26: =IF(D26="","",D26-I25-1) | V26: =IF(E26="","",E26-D26-1) | W26: =IF(F26="","",F26-E26-1) | X26: =IF(G26="","",G26-F26-1) | Y26: =IF(H26="","",H26-G26-1) | Z26: =IF(I26="","",I26-H26-1) | AA26: =SUM(U26:Z26) | AJ26: =IF(L26="","",L26-Q25-1) | AK26: =IF(M26="","",M26-L26-1) | AL26: =IF(N26="","",N26-M26-1) | AM26: =IF(O26="","",O26-N26-1) | AN26: =IF(P26="","",P26-O26-1) | AO26: =IF(Q26="","",Q26-P26-1) | AP26: =SUM(AJ26:AO26)
U27: =COUNTIF(U21:U26,">=0") | V27: =COUNTIF(V21:V26,">=0") | W27: =COUNTIF(W21:W26,">=0") | X27: =COUNTIF(X21:X26,">=0") | Y27: =COUNTIF(Y21:Y26,">=0") | Z27: =COUNTIF(Z21:Z26,">=0") | AA27: =SUM(AA21:AA26) | AB27: =IF(OR(AD19=0,AD19=""),"",(AA27/AD19)*100) | AJ27: =COUNTIF(AJ21:AJ26,">=0") | AK27: =COUNTIF(AK21:AK26,">=0") | AL27: =COUNTIF(AL21:AL26,">=0") | AM27: =COUNTIF(AM21:AM26,">=0") | AN27: =COUNTIF(AN21:AN26,">=0") | AO27: =COUNTIF(AO21:AO26,">=0") | AP27: =SUM(AP21:AP26) | AQ27: =IF(OR(AS19=0,AS19=""),"",(AP27/AS19)*100)
U28: =SUM(U21:U26) | V28: =SUM(V21:V26) | W28: =SUM(W21:W26) | X28: =SUM(X21:X26) | Y28: =SUM(Y21:Y26) | Z28: =SUM(Z21:Z26) | AJ28: =SUM(AJ21:AJ26) | AK28: =SUM(AK21:AK26) | AL28: =SUM(AL21:AL26) | AM28: =SUM(AM21:AM26) | AN28: =SUM(AN21:AN26) | AO28: =SUM(AO21:AO26)
U29: =IF($AA27=0,0,(U28/$AA27)*100) | V29: =IF($AA27=0,0,(V28/$AA27)*100) | W29: =IF($AA27=0,0,(W28/$AA27)*100) | X29: =IF($AA27=0,0,(X28/$AA27)*100) | Y29: =IF($AA27=0,0,(Y28/$AA27)*100) | Z29: =IF($AA27=0,0,(Z28/$AA27)*100) | AA29: PR% | AJ29: =IF($AP27=0,0,(AJ28/$AP27)*100) | AK29: =IF($AP27=0,0,(AK28/$AP27)*100) | AL29: =IF($AP27=0,0,(AL28/$AP27)*100) | AM29: =IF($AP27=0,0,(AM28/$AP27)*100) | AN29: =IF($AP27=0,0,(AN28/$AP27)*100) | AO29: =IF($AP27=0,0,(AO28/$AP27)*100) | AP29: PR%
A30: SET III
D31: =D19 | L31: =L19 | U31: =IF($B32="","",$B32) | V31: =IF(U31="","",IF(U31=1,6,U31-1)) | W31: =IF(V31="","",IF(V31=1,6,V31-1)) | X31: =IF(W31="","",IF(W31=1,6,W31-1)) | Y31: =IF(X31="","",IF(X31=1,6,X31-1)) | Z31: =IF(Y31="","",IF(Y31=1,6,Y31-1)) | AA31: P | AB31: SET III | AD31: =IF(D33="","",MAX(D33:I38)) | AJ31: =IF($B32="","",$B32) | AK31: =IF(AJ31="","",IF(AJ31=1,6,AJ31-1)) | AL31: =IF(AK31="","",IF(AK31=1,6,AK31-1)) | AM31: =IF(AL31="","",IF(AL31=1,6,AL31-1)) | AN31: =IF(AM31="","",IF(AM31=1,6,AM31-1)) | AO31: =IF(AN31="","",IF(AN31=1,6,AN31-1)) | AP31: P | AQ31: SET III | AS31: =IF(L33="","",MAX(L33:Q38))
A32: P | D32: I | E32: II | F32: III | G32: IV | H32: V | I32: VI | L32: I | M32: II | N32: III | O32: IV | P32: V | Q32: VI | U32: I | V32: II | W32: III | X32: IV | Y32: V | Z32: VI | AA32: TR | AJ32: I | AK32: II | AL32: III | AM32: IV | AN32: V | AO32: VI | AP32: TR
U33: =IF(D33="","",IF(UPPER(D33)="X","",D33)) | V33: =IF(E33="","",IF(UPPER(D33)="X",E33-1,E33-D33-1)) | W33: =IF(F33="","",F33-E33-1) | X33: =IF(G33="","",G33-F33-1) | Y33: =IF(H33="","",H33-G33-1) | Z33: =IF(I33="","",I33-H33-1) | AA33: =SUM(U33:Z33) | AJ33: =IF(L33="","",IF(UPPER(L33)="X","",L33)) | AK33: =IF(M33="","",IF(UPPER(L33)="X",M33-1,M33-L33-1)) | AL33: =IF(N33="","",N33-M33-1) | AM33: =IF(O33="","",O33-N33-1) | AN33: =IF(P33="","",P33-O33-1) | AO33: =IF(Q33="","",Q33-P33-1) | AP33: =SUM(AJ33:AO33)
U34: =IF(D34="","",D34-I33-1) | V34: =IF(E34="","",E34-D34-1) | W34: =IF(F34="","",F34-E34-1) | X34: =IF(G34="","",G34-F34-1) | Y34: =IF(H34="","",H34-G34-1) | Z34: =IF(I34="","",I34-H34-1) | AA34: =SUM(U34:Z34) | AJ34: =IF(L34="","",L34-Q33-1) | AK34: =IF(M34="","",M34-L34-1) | AL34: =IF(N34="","",N34-M34-1) | AM34: =IF(O34="","",O34-N34-1) | AN34: =IF(P34="","",P34-O34-1) | AO34: =IF(Q34="","",Q34-P34-1) | AP34: =SUM(AJ34:AO34)
U35: =IF(D35="","",D35-I34-1) | V35: =IF(E35="","",E35-D35-1) | W35: =IF(F35="","",F35-E35-1) | X35: =IF(G35="","",G35-F35-1) | Y35: =IF(H35="","",H35-G35-1) | Z35: =IF(I35="","",I35-H35-1) | AA35: =SUM(U35:Z35) | AJ35: =IF(L35="","",L35-Q34-1) | AK35: =IF(M35="","",M35-L35-1) | AL35: =IF(N35="","",N35-M35-1) | AM35: =IF(O35="","",O35-N35-1) | AN35: =IF(P35="","",P35-O35-1) | AO35: =IF(Q35="","",Q35-P35-1) | AP35: =SUM(AJ35:AO35)
U36: =IF(D36="","",D36-I35-1) | V36: =IF(E36="","",E36-D36-1) | W36: =IF(F36="","",F36-E36-1) | X36: =IF(G36="","",G36-F36-1) | Y36: =IF(H36="","",H36-G36-1) | Z36: =IF(I36="","",I36-H36-1) | AA36: =SUM(U36:Z36) | AJ36: =IF(L36="","",L36-Q35-1) | AK36: =IF(M36="","",M36-L36-1) | AL36: =IF(N36="","",N36-M36-1) | AM36: =IF(O36="","",O36-N36-1) | AN36: =IF(P36="","",P36-O36-1) | AO36: =IF(Q36="","",Q36-P36-1) | AP36: =SUM(AJ36:AO36)
U37: =IF(D37="","",D37-I36-1) | V37: =IF(E37="","",E37-D37-1) | W37: =IF(F37="","",F37-E37-1) | X37: =IF(G37="","",G37-F37-1) | Y37: =IF(H37="","",H37-G37-1) | Z37: =IF(I37="","",I37-H37-1) | AA37: =SUM(U37:Z37) | AJ37: =IF(L37="","",L37-Q36-1) | AK37: =IF(M37="","",M37-L37-1) | AL37: =IF(N37="","",N37-M37-1) | AM37: =IF(O37="","",O37-N37-1) | AN37: =IF(P37="","",P37-O37-1) | AO37: =IF(Q37="","",Q37-P37-1) | AP37: =SUM(AJ37:AO37)
U38: =IF(D38="","",D38-I37-1) | V38: =IF(E38="","",E38-D38-1) | W38: =IF(F38="","",F38-E38-1) | X38: =IF(G38="","",G38-F38-1) | Y38: =IF(H38="","",H38-G38-1) | Z38: =IF(I38="","",I38-H38-1) | AA38: =SUM(U38:Z38) | AJ38: =IF(L38="","",L38-Q37-1) | AK38: =IF(M38="","",M38-L38-1) | AL38: =IF(N38="","",N38-M38-1) | AM38: =IF(O38="","",O38-N38-1) | AN38: =IF(P38="","",P38-O38-1) | AO38: =IF(Q38="","",Q38-P38-1) | AP38: =SUM(AJ38:AO38)
U39: =COUNTIF(U33:U38,">=0") | V39: =COUNTIF(V33:V38,">=0") | W39: =COUNTIF(W33:W38,">=0") | X39: =COUNTIF(X33:X38,">=0") | Y39: =COUNTIF(Y33:Y38,">=0") | Z39: =COUNTIF(Z33:Z38,">=0") | AA39: =SUM(AA33:AA38) | AB39: =IF(OR(AD31=0,AD31=""),"",(AA39/AD31)*100) | AJ39: =COUNTIF(AJ33:AJ38,">=0") | AK39: =COUNTIF(AK33:AK38,">=0") | AL39: =COUNTIF(AL33:AL38,">=0") | AM39: =COUNTIF(AM33:AM38,">=0") | AN39: =COUNTIF(AN33:AN38,">=0") | AO39: =COUNTIF(AO33:AO38,">=0") | AP39: =SUM(AP33:AP38) | AQ39: =IF(OR(AS31=0,AS31=""),"",(AP39/AS31)*100)
U40: =SUM(U33:U38) | V40: =SUM(V33:V38) | W40: =SUM(W33:W38) | X40: =SUM(X33:X38) | Y40: =SUM(Y33:Y38) | Z40: =SUM(Z33:Z38) | AJ40: =SUM(AJ33:AJ38) | AK40: =SUM(AK33:AK38) | AL40: =SUM(AL33:AL38) | AM40: =SUM(AM33:AM38) | AN40: =SUM(AN33:AN38) | AO40: =SUM(AO33:AO38)
U41: =IF($AA39=0,0,(U40/$AA39)*100) | V41: =IF($AA39=0,0,(V40/$AA39)*100) | W41: =IF($AA39=0,0,(W40/$AA39)*100) | X41: =IF($AA39=0,0,(X40/$AA39)*100) | Y41: =IF($AA39=0,0,(Y40/$AA39)*100) | Z41: =IF($AA39=0,0,(Z40/$AA39)*100) | AA41: PR% | AJ41: =IF($AP39=0,0,(AJ40/$AP39)*100) | AK41: =IF($AP39=0,0,(AK40/$AP39)*100) | AL41: =IF($AP39=0,0,(AL40/$AP39)*100) | AM41: =IF($AP39=0,0,(AM40/$AP39)*100) | AN41: =IF($AP39=0,0,(AN40/$AP39)*100) | AO41: =IF($AP39=0,0,(AO40/$AP39)*100) | AP41: PR%
A42: SET IV
D43: =D31 | L43: =L31 | U43: =IF($B44="","",$B44) | V43: =IF(U43="","",IF(U43=1,6,U43-1)) | W43: =IF(V43="","",IF(V43=1,6,V43-1)) | X43: =IF(W43="","",IF(W43=1,6,W43-1)) | Y43: =IF(X43="","",IF(X43=1,6,X43-1)) | Z43: =IF(Y43="","",IF(Y43=1,6,Y43-1)) | AA43: P | AB43: SET IV | AD43: =IF(D45="","",MAX(D45:I50)) | AJ43: =IF($B44="","",$B44) | AK43: =IF(AJ43="","",IF(AJ43=1,6,AJ43-1)) | AL43: =IF(AK43="","",IF(AK43=1,6,AK43-1)) | AM43: =IF(AL43="","",IF(AL43=1,6,AL43-1)) | AN43: =IF(AM43="","",IF(AM43=1,6,AM43-1)) | AO43: =IF(AN43="","",IF(AN43=1,6,AN43-1)) | AP43: P | AQ43: SET IV | AS43: =IF(L45="","",MAX(L45:Q50))
A44: P | D44: I | E44: II | F44: III | G44: IV | H44: V | I44: VI | L44: I | M44: II | N44: III | O44: IV | P44: V | Q44: VI | U44: I | V44: II | W44: III | X44: IV | Y44: V | Z44: VI | AA44: TR | AJ44: I | AK44: II | AL44: III | AM44: IV | AN44: V | AO44: VI | AP44: TR
U45: =IF(D45="","",IF(UPPER(D45)="X","",D45)) | V45: =IF(E45="","",IF(UPPER(D45)="X",E45-1,E45-D45-1)) | W45: =IF(F45="","",F45-E45-1) | X45: =IF(G45="","",G45-F45-1) | Y45: =IF(H45="","",H45-G45-1) | Z45: =IF(I45="","",I45-H45-1) | AA45: =SUM(U45:Z45) | AJ45: =IF(L45="","",IF(UPPER(L45)="X","",L45)) | AK45: =IF(M45="","",IF(UPPER(L45)="X",M45-1,M45-L45-1)) | AL45: =IF(N45="","",N45-M45-1) | AM45: =IF(O45="","",O45-N45-1) | AN45: =IF(P45="","",P45-O45-1) | AO45: =IF(Q45="","",Q45-P45-1) | AP45: =SUM(AJ45:AO45)
U46: =IF(D46="","",D46-I45-1) | V46: =IF(E46="","",E46-D46-1) | W46: =IF(F46="","",F46-E46-1) | X46: =IF(G46="","",G46-F46-1) | Y46: =IF(H46="","",H46-G46-1) | Z46: =IF(I46="","",I46-H46-1) | AA46: =SUM(U46:Z46) | AJ46: =IF(L46="","",L46-Q45-1) | AK46: =IF(M46="","",M46-L46-1) | AL46: =IF(N46="","",N46-M46-1) | AM46: =IF(O46="","",O46-N46-1) | AN46: =IF(P46="","",P46-O46-1) | AO46: =IF(Q46="","",Q46-P46-1) | AP46: =SUM(AJ46:AO46)
U47: =IF(D47="","",D47-I46-1) | V47: =IF(E47="","",E47-D47-1) | W47: =IF(F47="","",F47-E47-1) | X47: =IF(G47="","",G47-F47-1) | Y47: =IF(H47="","",H47-G47-1) | Z47: =IF(I47="","",I47-H47-1) | AA47: =SUM(U47:Z47) | AJ47: =IF(L47="","",L47-Q46-1) | AK47: =IF(M47="","",M47-L47-1) | AL47: =IF(N47="","",N47-M47-1) | AM47: =IF(O47="","",O47-N47-1) | AN47: =IF(P47="","",P47-O47-1) | AO47: =IF(Q47="","",Q47-P47-1) | AP47: =SUM(AJ47:AO47)
U48: =IF(D48="","",D48-I47-1) | V48: =IF(E48="","",E48-D48-1) | W48: =IF(F48="","",F48-E48-1) | X48: =IF(G48="","",G48-F48-1) | Y48: =IF(H48="","",H48-G48-1) | Z48: =IF(I48="","",I48-H48-1) | AA48: =SUM(U48:Z48) | AJ48: =IF(L48="","",L48-Q47-1) | AK48: =IF(M48="","",M48-L48-1) | AL48: =IF(N48="","",N48-M48-1) | AM48: =IF(O48="","",O48-N48-1) | AN48: =IF(P48="","",P48-O48-1) | AO48: =IF(Q48="","",Q48-P48-1) | AP48: =SUM(AJ48:AO48)
U49: =IF(D49="","",D49-I48-1) | V49: =IF(E49="","",E49-D49-1) | W49: =IF(F49="","",F49-E49-1) | X49: =IF(G49="","",G49-F49-1) | Y49: =IF(H49="","",H49-G49-1) | Z49: =IF(I49="","",I49-H49-1) | AA49: =SUM(U49:Z49) | AJ49: =IF(L49="","",L49-Q48-1) | AK49: =IF(M49="","",M49-L49-1) | AL49: =IF(N49="","",N49-M49-1) | AM49: =IF(O49="","",O49-N49-1) | AN49: =IF(P49="","",P49-O49-1) | AO49: =IF(Q49="","",Q49-P49-1) | AP49: =SUM(AJ49:AO49)
U50: =IF(D50="","",D50-I49-1) | V50: =IF(E50="","",E50-D50-1) | W50: =IF(F50="","",F50-E50-1) | X50: =IF(G50="","",G50-F50-1) | Y50: =IF(H50="","",H50-G50-1) | Z50: =IF(I50="","",I50-H50-1) | AA50: =SUM(U50:Z50) | AJ50: =IF(L50="","",L50-Q49-1) | AK50: =IF(M50="","",M50-L50-1) | AL50: =IF(N50="","",N50-M50-1) | AM50: =IF(O50="","",O50-N50-1) | AN50: =IF(P50="","",P50-O50-1) | AO50: =IF(Q50="","",Q50-P50-1) | AP50: =SUM(AJ50:AO50)
U51: =COUNTIF(U45:U50,">=0") | V51: =COUNTIF(V45:V50,">=0") | W51: =COUNTIF(W45:W50,">=0") | X51: =COUNTIF(X45:X50,">=0") | Y51: =COUNTIF(Y45:Y50,">=0") | Z51: =COUNTIF(Z45:Z50,">=0") | AA51: =SUM(AA45:AA50) | AB51: =IF(OR(AD43=0,AD43=""),"",(AA51/AD43)*100) | AJ51: =COUNTIF(AJ45:AJ50,">=0") | AK51: =COUNTIF(AK45:AK50,">=0") | AL51: =COUNTIF(AL45:AL50,">=0") | AM51: =COUNTIF(AM45:AM50,">=0") | AN51: =COUNTIF(AN45:AN50,">=0") | AO51: =COUNTIF(AO45:AO50,">=0") | AP51: =SUM(AP45:AP50) | AQ51: =IF(OR(AS43=0,AS43=""),"",(AP51/AS43)*100)
U52: =SUM(U45:U50) | V52: =SUM(V45:V50) | W52: =SUM(W45:W50) | X52: =SUM(X45:X50) | Y52: =SUM(Y45:Y50) | Z52: =SUM(Z45:Z50) | AJ52: =SUM(AJ45:AJ50) | AK52: =SUM(AK45:AK50) | AL52: =SUM(AL45:AL50) | AM52: =SUM(AM45:AM50) | AN52: =SUM(AN45:AN50) | AO52: =SUM(AO45:AO50)
U53: =IF($AA51=0,0,(U52/$AA51)*100) | V53: =IF($AA51=0,0,(V52/$AA51)*100) | W53: =IF($AA51=0,0,(W52/$AA51)*100) | X53: =IF($AA51=0,0,(X52/$AA51)*100) | Y53: =IF($AA51=0,0,(Y52/$AA51)*100) | Z53: =IF($AA51=0,0,(Z52/$AA51)*100) | AA53: PR% | AJ53: =IF($AP51=0,0,(AJ52/$AP51)*100) | AK53: =IF($AP51=0,0,(AK52/$AP51)*100) | AL53: =IF($AP51=0,0,(AL52/$AP51)*100) | AM53: =IF($AP51=0,0,(AM52/$AP51)*100) | AN53: =IF($AP51=0,0,(AN52/$AP51)*100) | AO53: =IF($AP51=0,0,(AO52/$AP51)*100) | AP53: PR%
A54: SET V
D55: =D43 | L55: =L43 | U55: =IF($B56="","",$B56) | V55: =IF(U55="","",IF(U55=1,6,U55-1)) | W55: =IF(V55="","",IF(V55=1,6,V55-1)) | X55: =IF(W55="","",IF(W55=1,6,W55-1)) | Y55: =IF(X55="","",IF(X55=1,6,X55-1)) | Z55: =IF(Y55="","",IF(Y55=1,6,Y55-1)) | AA55: P | AB55: SET V | AD55: =IF(D57="","",MAX(D57:I62)) | AJ55: =IF($B56="","",$B56) | AK55: =IF(AJ55="","",IF(AJ55=1,6,AJ55-1)) | AL55: =IF(AK55="","",IF(AK55=1,6,AK55-1)) | AM55: =IF(AL55="","",IF(AL55=1,6,AL55-1)) | AN55: =IF(AM55="","",IF(AM55=1,6,AM55-1)) | AO55: =IF(AN55="","",IF(AN55=1,6,AN55-1)) | AP55: P | AQ55: SET V | AS55: =IF(L57="","",MAX(L57:Q62))
A56: P | D56: I | E56: II | F56: III | G56: IV | H56: V | I56: VI | L56: I | M56: II | N56: III | O56: IV | P56: V | Q56: VI | U56: I | V56: II | W56: III | X56: IV | Y56: V | Z56: VI | AA56: TR | AJ56: I | AK56: II | AL56: III | AM56: IV | AN56: V | AO56: VI | AP56: TR
U57: =IF(D57="","",IF(UPPER(D57)="X","",D57)) | V57: =IF(E57="","",IF(UPPER(D57)="X",E57-1,E57-D57-1)) | W57: =IF(F57="","",F57-E57-1) | X57: =IF(G57="","",G57-F57-1) | Y57: =IF(H57="","",H57-G57-1) | Z57: =IF(I57="","",I57-H57-1) | AA57: =SUM(U57:Z57) | AJ57: =IF(L57="","",IF(UPPER(L57)="X","",L57)) | AK57: =IF(M57="","",IF(UPPER(L57)="X",M57-1,M57-L57-1)) | AL57: =IF(N57="","",N57-M57-1) | AM57: =IF(O57="","",O57-N57-1) | AN57: =IF(P57="","",P57-O57-1) | AO57: =IF(Q57="","",Q57-P57-1) | AP57: =SUM(AJ57:AO57)
U58: =IF(D58="","",D58-I57-1) | V58: =IF(E58="","",E58-D58-1) | W58: =IF(F58="","",F58-E58-1) | X58: =IF(G58="","",G58-F58-1) | Y58: =IF(H58="","",H58-G58-1) | Z58: =IF(I58="","",I58-H58-1) | AA58: =SUM(U58:Z58) | AJ58: =IF(L58="","",L58-Q57-1) | AK58: =IF(M58="","",M58-L58-1) | AL58: =IF(N58="","",N58-M58-1) | AM58: =IF(O58="","",O58-N58-1) | AN58: =IF(P58="","",P58-O58-1) | AO58: =IF(Q58="","",Q58-P58-1) | AP58: =SUM(AJ58:AO58)
U59: =IF(D59="","",D59-I58-1) | V59: =IF(E59="","",E59-D59-1) | W59: =IF(F59="","",F59-E59-1) | X59: =IF(G59="","",G59-F59-1) | Y59: =IF(H59="","",H59-G59-1) | Z59: =IF(I59="","",I59-H59-1) | AA59: =SUM(U59:Z59) | AJ59: =IF(L59="","",L59-Q58-1) | AK59: =IF(M59="","",M59-L59-1) | AL59: =IF(N59="","",N59-M59-1) | AM59: =IF(O59="","",O59-N59-1) | AN59: =IF(P59="","",P59-O59-1) | AO59: =IF(Q59="","",Q59-P59-1) | AP59: =SUM(AJ59:AO59)
U60: =IF(D60="","",D60-I59-1) | V60: =IF(E60="","",E60-D60-1) | W60: =IF(F60="","",F60-E60-1) | X60: =IF(G60="","",G60-F60-1) | Y60: =IF(H60="","",H60-G60-1) | Z60: =IF(I60="","",I60-H60-1) | AA60: =SUM(U60:Z60) | AJ60: =IF(L60="","",L60-Q59-1) | AK60: =IF(M60="","",M60-L60-1) | AL60: =IF(N60="","",N60-M60-1) | AM60: =IF(O60="","",O60-N60-1) | AN60: =IF(P60="","",P60-O60-1) | AO60: =IF(Q60="","",Q60-P60-1) | AP60: =SUM(AJ60:AO60)
U61: =IF(D61="","",D61-I60-1) | V61: =IF(E61="","",E61-D61-1) | W61: =IF(F61="","",F61-E61-1) | X61: =IF(G61="","",G61-F61-1) | Y61: =IF(H61="","",H61-G61-1) | Z61: =IF(I61="","",I61-H61-1) | AA61: =SUM(U61:Z61) | AJ61: =IF(L61="","",L61-Q60-1) | AK61: =IF(M61="","",M61-L61-1) | AL61: =IF(N61="","",N61-M61-1) | AM61: =IF(O61="","",O61-N61-1) | AN61: =IF(P61="","",P61-O61-1) | AO61: =IF(Q61="","",Q61-P61-1) | AP61: =SUM(AJ61:AO61)
U62: =IF(D62="","",D62-I61-1) | V62: =IF(E62="","",E62-D62-1) | W62: =IF(F62="","",F62-E62-1) | X62: =IF(G62="","",G62-F62-1) | Y62: =IF(H62="","",H62-G62-1) | Z62: =IF(I62="","",I62-H62-1) | AA62: =SUM(U62:Z62) | AJ62: =IF(L62="","",L62-Q61-1) | AK62: =IF(M62="","",M62-L62-1) | AL62: =IF(N62="","",N62-M62-1) | AM62: =IF(O62="","",O62-N62-1) | AN62: =IF(P62="","",P62-O62-1) | AO62: =IF(Q62="","",Q62-P62-1) | AP62: =SUM(AJ62:AO62)
U63: =COUNTIF(U57:U62,">=0") | V63: =COUNTIF(V57:V62,">=0") | W63: =COUNTIF(W57:W62,">=0") | X63: =COUNTIF(X57:X62,">=0") | Y63: =COUNTIF(Y57:Y62,">=0") | Z63: =COUNTIF(Z57:Z62,">=0") | AA63: =SUM(AA57:AA62) | AB63: =IF(OR(AD55=0,AD55=""),"",(AA63/AD55)*100) | AJ63: =COUNTIF(AJ57:AJ62,">=0") | AK63: =COUNTIF(AK57:AK62,">=0") | AL63: =COUNTIF(AL57:AL62,">=0") | AM63: =COUNTIF(AM57:AM62,">=0") | AN63: =COUNTIF(AN57:AN62,">=0") | AO63: =COUNTIF(AO57:AO62,">=0") | AP63: =SUM(AP57:AP62) | AQ63: =IF(OR(AS55=0,AS55=""),"",(AP63/AS55)*100)
U64: =SUM(U57:U62) | V64: =SUM(V57:V62) | W64: =SUM(W57:W62) | X64: =SUM(X57:X62) | Y64: =SUM(Y57:Y62) | Z64: =SUM(Z57:Z62) | AJ64: =SUM(AJ57:AJ62) | AK64: =SUM(AK57:AK62) | AL64: =SUM(AL57:AL62) | AM64: =SUM(AM57:AM62) | AN64: =SUM(AN57:AN62) | AO64: =SUM(AO57:AO62)
U65: =IF($AA63=0,0,(U64/$AA63)*100) | V65: =IF($AA63=0,0,(V64/$AA63)*100) | W65: =IF($AA63=0,0,(W64/$AA63)*100) | X65: =IF($AA63=0,0,(X64/$AA63)*100) | Y65: =IF($AA63=0,0,(Y64/$AA63)*100) | Z65: =IF($AA63=0,0,(Z64/$AA63)*100) | AA65: PR% | AJ65: =IF($AP63=0,0,(AJ64/$AP63)*100) | AK65: =IF($AP63=0,0,(AK64/$AP63)*100) | AL65: =IF($AP63=0,0,(AL64/$AP63)*100) | AM65: =IF($AP63=0,0,(AM64/$AP63)*100) | AN65: =IF($AP63=0,0,(AN64/$AP63)*100) | AO65: =IF($AP63=0,0,(AO64/$AP63)*100) | AP65: PR%
S72: SET | U72: TURNI PER ROTAZIONE | AB72: PUNTI PER ROTAZIONE | AI72: SET | AJ72: TURNI PER ROTAZIONE | AQ72: PUNTI PER ROTAZIONE | AX72: SET
U73: 1 | V73: 2 | W73: 3 | X73: 4 | Y73: 5 | Z73: 6 | AB73: 1 | AC73: 2 | AD73: 3 | AE73: 4 | AF73: 5 | AG73: 6 | AJ73: 1 | AK73: 2 | AL73: 3 | AM73: 4 | AN73: 5 | AO73: 6 | AQ73: 1 | AR73: 2 | AS73: 3 | AT73: 4 | AU73: 5 | AV73: 6
S74: I | U74: =IF($D$9="",0,HLOOKUP(U$73,$U$7:$Z$16,9,FALSE)) | V74: =IF($D$9="",0,HLOOKUP(V$73,$U$7:$Z$16,9,FALSE)) | W74: =IF($D$9="",0,HLOOKUP(W$73,$U$7:$Z$16,9,FALSE)) | X74: =IF($D$9="",0,HLOOKUP(X$73,$U$7:$Z$16,9,FALSE)) | Y74: =IF($D$9="",0,HLOOKUP(Y$73,$U$7:$Z$16,9,FALSE)) | Z74: =IF($D$9="",0,HLOOKUP(Z$73,$U$7:$Z$16,9,FALSE)) | AB74: =IF($D$9="",0,HLOOKUP(AB$73,$U$7:$Z$16,10,FALSE)) | AC74: =IF($D$9="",0,HLOOKUP(AC$73,$U$7:$Z$16,10,FALSE)) | AD74: =IF($D$9="",0,HLOOKUP(AD$73,$U$7:$Z$16,10,FALSE)) | AE74: =IF($D$9="",0,HLOOKUP(AE$73,$U$7:$Z$16,10,FALSE)) | AF74: =IF($D$9="",0,HLOOKUP(AF$73,$U$7:$Z$16,10,FALSE)) | AG74: =IF($D$9="",0,HLOOKUP(AG$73,$U$7:$Z$16,10,FALSE)) | AI74: I | AJ74: =IF($L$9="",0,HLOOKUP(AJ$73,$AJ$7:$AO$16,9,FALSE)) | AK74: =IF($L$9="",0,HLOOKUP(AK$73,$AJ$7:$AO$16,9,FALSE)) | AL74: =IF($L$9="",0,HLOOKUP(AL$73,$AJ$7:$AO$16,9,FALSE)) | AM74: =IF($L$9="",0,HLOOKUP(AM$73,$AJ$7:$AO$16,9,FALSE)) | AN74: =IF($L$9="",0,HLOOKUP(AN$73,$AJ$7:$AO$16,9,FALSE)) | AO74: =IF($L$9="",0,HLOOKUP(AO$73,$AJ$7:$AO$16,9,FALSE)) | AQ74: =IF($L$9="",0,HLOOKUP(AQ$73,$AJ$7:$AO$16,10,FALSE)) | AR74: =IF($L$9="",0,HLOOKUP(AR$73,$AJ$7:$AO$16,10,FALSE)) | AS74: =IF($L$9="",0,HLOOKUP(AS$73,$AJ$7:$AO$16,10,FALSE)) | AT74: =IF($L$9="",0,HLOOKUP(AT$73,$AJ$7:$AO$16,10,FALSE)) | AU74: =IF($L$9="",0,HLOOKUP(AU$73,$AJ$7:$AO$16,10,FALSE)) | AV74: =IF($L$9="",0,HLOOKUP(AV$73,$AJ$7:$AO$16,10,FALSE)) | AX74: I
S75: II | U75: =IF($D$21="",0,HLOOKUP(U$73,$U$19:$Z$28,9,FALSE)) | V75: =IF($D$21="",0,HLOOKUP(V$73,$U$19:$Z$28,9,FALSE)) | W75: =IF($D$21="",0,HLOOKUP(W$73,$U$19:$Z$28,9,FALSE)) | X75: =IF($D$21="",0,HLOOKUP(X$73,$U$19:$Z$28,9,FALSE)) | Y75: =IF($D$21="",0,HLOOKUP(Y$73,$U$19:$Z$28,9,FALSE)) | Z75: =IF($D$21="",0,HLOOKUP(Z$73,$U$19:$Z$28,9,FALSE)) | AB75: =IF($D$21="",0,HLOOKUP(AB$73,$U$19:$Z$28,10,FALSE)) | AC75: =IF($D$21="",0,HLOOKUP(AC$73,$U$19:$Z$28,10,FALSE)) | AD75: =IF($D$21="",0,HLOOKUP(AD$73,$U$19:$Z$28,10,FALSE)) | AE75: =IF($D$21="",0,HLOOKUP(AE$73,$U$19:$Z$28,10,FALSE)) | AF75: =IF($D$21="",0,HLOOKUP(AF$73,$U$19:$Z$28,10,FALSE)) | AG75: =IF($D$21="",0,HLOOKUP(AG$73,$U$19:$Z$28,10,FALSE)) | AI75: II | AJ75: =IF($L$21="",0,HLOOKUP(AJ$73,$AJ$19:$AO$28,9,FALSE)) | AK75: =IF($L$21="",0,HLOOKUP(AK$73,$AJ$19:$AO$28,9,FALSE)) | AL75: =IF($L$21="",0,HLOOKUP(AL$73,$AJ$19:$AO$28,9,FALSE)) | AM75: =IF($L$21="",0,HLOOKUP(AM$73,$AJ$19:$AO$28,9,FALSE)) | AN75: =IF($L$21="",0,HLOOKUP(AN$73,$AJ$19:$AO$28,9,FALSE)) | AO75: =IF($L$21="",0,HLOOKUP(AO$73,$AJ$19:$AO$28,9,FALSE)) | AQ75: =IF($L$21="",0,HLOOKUP(AQ$73,$AJ$19:$AO$28,10,FALSE)) | AR75: =IF($L$21="",0,HLOOKUP(AR$73,$AJ$19:$AO$28,10,FALSE)) | AS75: =IF($L$21="",0,HLOOKUP(AS$73,$AJ$19:$AO$28,10,FALSE)) | AT75: =IF($L$21="",0,HLOOKUP(AT$73,$AJ$19:$AO$28,10,FALSE)) | AU75: =IF($L$21="",0,HLOOKUP(AU$73,$AJ$19:$AO$28,10,FALSE)) | AV75: =IF($L$21="",0,HLOOKUP(AV$73,$AJ$19:$AO$28,10,FALSE)) | AX75: II
S76: III | U76: =IF($D$33="",0,HLOOKUP(U$73,$U$31:$Z$40,9,FALSE)) | V76: =IF($D$33="",0,HLOOKUP(V$73,$U$31:$Z$40,9,FALSE)) | W76: =IF($D$33="",0,HLOOKUP(W$73,$U$31:$Z$40,9,FALSE)) | X76: =IF($D$33="",0,HLOOKUP(X$73,$U$31:$Z$40,9,FALSE)) | Y76: =IF($D$33="",0,HLOOKUP(Y$73,$U$31:$Z$40,9,FALSE)) | Z76: =IF($D$33="",0,HLOOKUP(Z$73,$U$31:$Z$40,9,FALSE)) | AB76: =IF($D$33="",0,HLOOKUP(AB$73,$U$31:$Z$40,10,FALSE)) | AC76: =IF($D$33="",0,HLOOKUP(AC$73,$U$31:$Z$40,10,FALSE)) | AD76: =IF($D$33="",0,HLOOKUP(AD$73,$U$31:$Z$40,10,FALSE)) | AE76: =IF($D$33="",0,HLOOKUP(AE$73,$U$31:$Z$40,10,FALSE)) | AF76: =IF($D$33="",0,HLOOKUP(AF$73,$U$31:$Z$40,10,FALSE)) | AG76: =IF($D$33="",0,HLOOKUP(AG$73,$U$31:$Z$40,10,FALSE)) | AI76: III | AJ76: =IF($L$33="",0,HLOOKUP(AJ$73,$AJ$31:$AO$40,9,FALSE)) | AK76: =IF($L$33="",0,HLOOKUP(AK$73,$AJ$31:$AO$40,9,FALSE)) | AL76: =IF($L$33="",0,HLOOKUP(AL$73,$AJ$31:$AO$40,9,FALSE)) | AM76: =IF($L$33="",0,HLOOKUP(AM$73,$AJ$31:$AO$40,9,FALSE)) | AN76: =IF($L$33="",0,HLOOKUP(AN$73,$AJ$31:$AO$40,9,FALSE)) | AO76: =IF($L$33="",0,HLOOKUP(AO$73,$AJ$31:$AO$40,9,FALSE)) | AQ76: =IF($L$33="",0,HLOOKUP(AQ$73,$AJ$31:$AO$40,10,FALSE)) | AR76: =IF($L$33="",0,HLOOKUP(AR$73,$AJ$31:$AO$40,10,FALSE)) | AS76: =IF($L$33="",0,HLOOKUP(AS$73,$AJ$31:$AO$40,10,FALSE)) | AT76: =IF($L$33="",0,HLOOKUP(AT$73,$AJ$31:$AO$40,10,FALSE)) | AU76: =IF($L$33="",0,HLOOKUP(AU$73,$AJ$31:$AO$40,10,FALSE)) | AV76: =IF($L$33="",0,HLOOKUP(AV$73,$AJ$31:$AO$40,10,FALSE)) | AX76: III
S77: IV | U77: =IF($D$45="",0,HLOOKUP(U$73,$U$43:$Z$52,9,FALSE)) | V77: =IF($D$45="",0,HLOOKUP(V$73,$U$43:$Z$52,9,FALSE)) | W77: =IF($D$45="",0,HLOOKUP(W$73,$U$43:$Z$52,9,FALSE)) | X77: =IF($D$45="",0,HLOOKUP(X$73,$U$43:$Z$52,9,FALSE)) | Y77: =IF($D$45="",0,HLOOKUP(Y$73,$U$43:$Z$52,9,FALSE)) | Z77: =IF($D$45="",0,HLOOKUP(Z$73,$U$43:$Z$52,9,FALSE)) | AB77: =IF($D$45="",0,HLOOKUP(AB$73,$U$43:$Z$52,10,FALSE)) | AC77: =IF($D$45="",0,HLOOKUP(AC$73,$U$43:$Z$52,10,FALSE)) | AD77: =IF($D$45="",0,HLOOKUP(AD$73,$U$43:$Z$52,10,FALSE)) | AE77: =IF($D$45="",0,HLOOKUP(AE$73,$U$43:$Z$52,10,FALSE)) | AF77: =IF($D$45="",0,HLOOKUP(AF$73,$U$43:$Z$52,10,FALSE)) | AG77: =IF($D$45="",0,HLOOKUP(AG$73,$U$43:$Z$52,10,FALSE)) | AI77: IV | AJ77: =IF($L$45="",0,HLOOKUP(AJ$73,$AJ$43:$AO$52,9,FALSE)) | AK77: =IF($L$45="",0,HLOOKUP(AK$73,$AJ$43:$AO$52,9,FALSE)) | AL77: =IF($L$45="",0,HLOOKUP(AL$73,$AJ$43:$AO$52,9,FALSE)) | AM77: =IF($L$45="",0,HLOOKUP(AM$73,$AJ$43:$AO$52,9,FALSE)) | AN77: =IF($L$45="",0,HLOOKUP(AN$73,$AJ$43:$AO$52,9,FALSE)) | AO77: =IF($L$45="",0,HLOOKUP(AO$73,$AJ$43:$AO$52,9,FALSE)) | AQ77: =IF($L$45="",0,HLOOKUP(AQ$73,$AJ$43:$AO$52,10,FALSE)) | AR77: =IF($L$45="",0,HLOOKUP(AR$73,$AJ$43:$AO$52,10,FALSE)) | AS77: =IF($L$45="",0,HLOOKUP(AS$73,$AJ$43:$AO$52,10,FALSE)) | AT77: =IF($L$45="",0,HLOOKUP(AT$73,$AJ$43:$AO$52,10,FALSE)) | AU77: =IF($L$45="",0,HLOOKUP(AU$73,$AJ$43:$AO$52,10,FALSE)) | AV77: =IF($L$45="",0,HLOOKUP(AV$73,$AJ$43:$AO$52,10,FALSE)) | AX77: IV
S78: V | U78: =IF($D$57="",0,HLOOKUP(U$73,$U$55:$Z$64,9,FALSE)) | V78: =IF($D$57="",0,HLOOKUP(V$73,$U$55:$Z$64,9,FALSE)) | W78: =IF($D$57="",0,HLOOKUP(W$73,$U$55:$Z$64,9,FALSE)) | X78: =IF($D$57="",0,HLOOKUP(X$73,$U$55:$Z$64,9,FALSE)) | Y78: =IF($D$57="",0,HLOOKUP(Y$73,$U$55:$Z$64,9,FALSE)) | Z78: =IF($D$57="",0,HLOOKUP(Z$73,$U$55:$Z$64,9,FALSE)) | AB78: =IF($D$57="",0,HLOOKUP(AB$73,$U$55:$Z$64,10,FALSE)) | AC78: =IF($D$57="",0,HLOOKUP(AC$73,$U$55:$Z$64,10,FALSE)) | AD78: =IF($D$57="",0,HLOOKUP(AD$73,$U$55:$Z$64,10,FALSE)) | AE78: =IF($D$57="",0,HLOOKUP(AE$73,$U$55:$Z$64,10,FALSE)) | AF78: =IF($D$57="",0,HLOOKUP(AF$73,$U$55:$Z$64,10,FALSE)) | AG78: =IF($D$57="",0,HLOOKUP(AG$73,$U$55:$Z$64,10,FALSE)) | AI78: V | AJ78: =IF($L$57="",0,HLOOKUP(AJ$73,$AJ$55:$AO$64,9,FALSE)) | AK78: =IF($L$57="",0,HLOOKUP(AK$73,$AJ$55:$AO$64,9,FALSE)) | AL78: =IF($L$57="",0,HLOOKUP(AL$73,$AJ$55:$AO$64,9,FALSE)) | AM78: =IF($L$57="",0,HLOOKUP(AM$73,$AJ$55:$AO$64,9,FALSE)) | AN78: =IF($L$57="",0,HLOOKUP(AN$73,$AJ$55:$AO$64,9,FALSE)) | AO78: =IF($L$57="",0,HLOOKUP(AO$73,$AJ$55:$AO$64,9,FALSE)) | AQ78: =IF($L$57="",0,HLOOKUP(AQ$73,$AJ$55:$AO$64,10,FALSE)) | AR78: =IF($L$57="",0,HLOOKUP(AR$73,$AJ$55:$AO$64,10,FALSE)) | AS78: =IF($L$57="",0,HLOOKUP(AS$73,$AJ$55:$AO$64,10,FALSE)) | AT78: =IF($L$57="",0,HLOOKUP(AT$73,$AJ$55:$AO$64,10,FALSE)) | AU78: =IF($L$57="",0,HLOOKUP(AU$73,$AJ$55:$AO$64,10,FALSE)) | AV78: =IF($L$57="",0,HLOOKUP(AV$73,$AJ$55:$AO$64,10,FALSE)) | AX78: V
U79: =SUM(U74:U78) | V79: =SUM(V74:V78) | W79: =SUM(W74:W78) | X79: =SUM(X74:X78) | Y79: =SUM(Y74:Y78) | Z79: =SUM(Z74:Z78) | AB79: =SUM(AB74:AB78) | AC79: =SUM(AC74:AC78) | AD79: =SUM(AD74:AD78) | AE79: =SUM(AE74:AE78) | AF79: =SUM(AF74:AF78) | AG79: =SUM(AG74:AG78) | AJ79: =SUM(AJ74:AJ78) | AK79: =SUM(AK74:AK78) | AL79: =SUM(AL74:AL78) | AM79: =SUM(AM74:AM78) | AN79: =SUM(AN74:AN78) | AO79: =SUM(AO74:AO78) | AQ79: =SUM(AQ74:AQ78) | AR79: =SUM(AR74:AR78) | AS79: =SUM(AS74:AS78) | AT79: =SUM(AT74:AT78) | AU79: =SUM(AU74:AU78) | AV79: =SUM(AV74:AV78)
AA82: 0 | AB82: =U79-COUNTIF(AB74:AB78,">0") | AC82: =V79-COUNTIF(AC74:AC78,">0") | AD82: =W79-COUNTIF(AD74:AD78,">0") | AE82: =X79-COUNTIF(AE74:AE78,">0") | AF82: =Y79-COUNTIF(AF74:AF78,">0") | AG82: =Z79-COUNTIF(AG74:AG78,">0") | AP82: 0 | AQ82: =AJ79-COUNTIF(AQ74:AQ78,">0") | AR82: =AK79-COUNTIF(AR74:AR78,">0") | AS82: =AL79-COUNTIF(AS74:AS78,">0") | AT82: =AM79-COUNTIF(AT74:AT78,">0") | AU82: =AN79-COUNTIF(AU74:AU78,">0") | AV82: =AO79-COUNTIF(AV74:AV78,">0")
AA83: 1 | AB83: =COUNTIF(AB74:AB78,">0") | AC83: =COUNTIF(AC74:AC78,">0") | AD83: =COUNTIF(AD74:AD78,">0") | AE83: =COUNTIF(AE74:AE78,">0") | AF83: =COUNTIF(AF74:AF78,">0") | AG83: =COUNTIF(AG74:AG78,">0") | AP83: 1 | AQ83: =COUNTIF(AQ74:AQ78,">0") | AR83: =COUNTIF(AR74:AR78,">0") | AS83: =COUNTIF(AS74:AS78,">0") | AT83: =COUNTIF(AT74:AT78,">0") | AU83: =COUNTIF(AU74:AU78,">0") | AV83: =COUNTIF(AV74:AV78,">0")
AA84: > | AB84: =COUNTIF(AB74:AB78,">1") | AC84: =COUNTIF(AC74:AC78,">1") | AD84: =COUNTIF(AD74:AD78,">1") | AE84: =COUNTIF(AE74:AE78,">1") | AF84: =COUNTIF(AF74:AF78,">1") | AG84: =COUNTIF(AG74:AG78,">1") | AP84: > | AQ84: =COUNTIF(AQ74:AQ78,">1") | AR84: =COUNTIF(AR74:AR78,">1") | AS84: =COUNTIF(AS74:AS78,">1") | AT84: =COUNTIF(AT74:AT78,">1") | AU84: =COUNTIF(AU74:AU78,">1") | AV84: =COUNTIF(AV74:AV78,">1")

Sheet Gara_4
U1: =IF($A$1="","",$A$1) | AJ1: =IF($A$1="","",$A$1) | AZ1: =IF($A$1="","",$A$1)
S2: ---
W3: RIASSUNTO SCALARE DEI PUNTI FATTI | AL3: RIASSUNTO SCALARE DEI PUNTI SUBITI | BB3: TOTALI E RELATIVI GRAFICI
A6: SET I | BA6: TPF | BB6: =AA15+AA27+AA39+AA51+AA63 | BD6: FATTI | BJ6: TPS | BK6: =AP15+AP27+AP39+AP51+AP63 | BM6: SUBITI
U7: =IF($B8="","",$B8) | V7: =IF(U7="","",IF(U7=1,6,U7-1)) | W7: =IF(V7="","",IF(V7=1,6,V7-1)) | X7: =IF(W7="","",IF(W7=1,6,W7-1)) | Y7: =IF(X7="","",IF(X7=1,6,X7-1)) | Z7: =IF(Y7="","",IF(Y7=1,6,Y7-1)) | AA7: P | AB7: SET I | AD7: =IF(D9="","",MAX(D9:I14)) | AJ7: =IF($B8="","",$B8) | AK7: =IF(AJ7="","",IF(AJ7=1,6,AJ7-1)) | AL7: =IF(AK7="","",IF(AK7=1,6,AK7-1)) | AM7: =IF(AL7="","",IF(AL7=1,6,AL7-1)) | AN7: =IF(AM7="","",IF(AM7=1,6,AM7-1)) | AO7: =IF(AN7="","",IF(AN7=1,6,AN7-1)) | AP7: P | AQ7: SET I | AS7: =IF(L9="","",MAX(L9:Q14)) | AZ7: P | BA7: 1 | BB7: 2 | BC7: 3 | BD7: 4 | BE7: 5 | BF7: 6 | BI7: P | BJ7: 1 | BK7: 2 | BL7: 3 | BM7: 4 | BN7: 5 | BO7: 6
A8: P | D8: I | E8: II | F8: III | G8: IV | H8: V | I8: VI | L8: I | M8: II | N8: III | O8: IV | P8: V | Q8: VI | U8: I | V8: II | W8: III | X8: IV | Y8: V | Z8: VI | AA8: TR | AJ8: I | AK8: II | AL8: III | AM8: IV | AN8: V | AO8: VI | AP8: TR | AZ8: TT | BA8: =U79 | BB8: =V79 | BC8: =W79 | BD8: =X79 | BE8: =Y79 | BF8: =Z79 | BI8: TT | BJ8: =AJ79 | BK8: =AK79 | BL8: =AL79 | BM8: =AM79 | BN8: =AN79 | BO8: =AO79
U9: =IF(D9="","",IF(UPPER(D9)="X","",D9)) | V9: =IF(E9="","",IF(UPPER(D9)="X",E9-1,E9-D9-1)) | W9: =IF(F9="","",F9-E9-1) | X9: =IF(G9="","",G9-F9-1) | Y9: =IF(H9="","",H9-G9-1) | Z9: =IF(I9="","",I9-H9-1) | AA9: =SUM(U9:Z9) | AJ9: =IF(L9="","",IF(UPPER(L9)="X","",L9)) | AK9: =IF(M9="","",IF(UPPER(L9)="X",M9-1,M9-L9-1)) | AL9: =IF(N9="","",N9-M9-1) | AM9: =IF(O9="","",O9-N9-1) | AN9: =IF(P9="","",P9-O9-1) | AO9: =IF(Q9="","",Q9-P9-1) | AP9: =SUM(AJ9:AO9) | AZ9: TP | BA9: =AB79 | BB9: =AC79 | BC9: =AD79 | BD9: =AE79 | BE9: =AF79 | BF9: =AG79 | BI9: TP | BJ9: =AQ79 | BK9: =AR79 | BL9: =AS79 | BM9: =AT79 | BN9: =AU79 | BO9: =AV79
U10: =IF(D10="","",D10-I9-1) | V10: =IF(E10="","",E10-D10-1) | W10: =IF(F10="","",F10-E10-1) | X10: =IF(G10="","",G10-F10-1) | Y10: =IF(H10="","",H10-G10-1) | Z10: =IF(I10="","",I10-H10-1) | AA10: =SUM(U10:Z10) | AJ10: =IF(L10="","",L10-Q9-1) | AK10: =IF(M10="","",M10-L10-1) | AL10: =IF(N10="","",N10-M10-1) | AM10: =IF(O10="","",O10-N10-1) | AN10: =IF(P10="","",P10-O10-1) | AO10: =IF(Q10="","",Q10-P10-1) | AP10: =SUM(AJ10:AO10) | AZ10: MP | BA10: =IF(BA8=0,0,BA9/BA8) | BB10: =IF(BB8=0,0,BB9/BB8) | BC10: =IF(BC8=0,0,BC9/BC8) | BD10: =IF(BD8=0,0,BD9/BD8) | BE10: =IF(BE8=0,0,BE9/BE8) | BF10: =IF(BF8=0,0,BF9/BF8) | BI10: MP | BJ10: =IF(BJ8=0,0,BJ9/BJ8) | BK10: =IF(BK8=0,0,BK9/BK8) | BL10: =IF(BL8=0,0,BL9/BL8) | BM10: =IF(BM8=0,0,BM9/BM8) | BN10: =IF(BN8=0,0,BN9/BN8) | BO10: =IF(BO8=0,0,BO9/BO8)
U11: =IF(D11="","",D11-I10-1) | V11: =IF(E11="","",E11-D11-1) | W11: =IF(F11="","",F11-E11-1) | X11: =IF(G11="","",G11-F11-1) | Y11: =IF(H11="","",H11-G11-1) | Z11: =IF(I11="","",I11-H11-1) | AA11: =SUM(U11:Z11) | AJ11: =IF(L11="","",L11-Q10-1) | AK11: =IF(M11="","",M11-L11-1) | AL11: =IF(N11="","",N11-M11-1) | AM11: =IF(O11="","",O11-N11-1) | AN11: =IF(P11="","",P11-O11-1) | AO11: =IF(Q11="","",Q11-P11-1) | AP11: =SUM(AJ11:AO11) | AZ11: %PT | BA11: =IF($BB$6=0,0,(BA9/$BB$6)*100) | BB11: =IF($BB$6=0,0,(BB9/$BB$6)*100) | BC11: =IF($BB$6=0,0,(BC9/$BB$6)*100) | BD11: =IF($BB$6=0,0,(BD9/$BB$6)*100) | BE11: =IF($BB$6=0,0,(BE9/$BB$6)*100) | BF11: =IF($BB$6=0,0,(BF9/$BB$6)*100) | BI11: %PT | BJ11: =IF($BK$6=0,0,(BJ9/$BB$6)*100) | BK11: =IF($BK$6=0,0,(BK9/$BB$6)*100) | BL11: =IF($BK$6=0,0,(BL9/$BB$6)*100) | BM11: =IF($BK$6=0,0,(BM9/$BB$6)*100) | BN11: =IF($BK$6=0,0,(BN9/$BB$6)*100) | BO11: =IF($BK$6=0,0,(BO9/$BB$6)*100)
U12: =IF(D12="","",D12-I11-1) | V12: =IF(E12="","",E12-D12-1) | W12: =IF(F12="","",F12-E12-1) | X12: =IF(G12="","",G12-F12-1) | Y12: =IF(H12="","",H12-G12-1) | Z12: =IF(I12="","",I12-H12-1) | AA12: =SUM(U12:Z12) | AJ12: =IF(L12="","",L12-Q11-1) | AK12: =IF(M12="","",M12-L12-1) | AL12: =IF(N12="","",N12-M12-1) | AM12: =IF(O12="","",O12-N12-1) | AN12: =IF(P12="","",P12-O12-1) | AO12: =IF(Q12="","",Q12-P12-1) | AP12: =SUM(AJ12:AO12) | AZ12: %=0 | BA12: =IF(BA$8=0,0,(AB82/BA$8)*100) | BB12: =IF(BB$8=0,0,(AC82/BB$8)*100) | BC12: =IF(BC$8=0,0,(AD82/BC$8)*100) | BD12: =IF(BD$8=0,0,(AE82/BD$8)*100) | BE12: =IF(BE$8=0,0,(AF82/BE$8)*100) | BF12: =IF(BF$8=0,0,(AG82/BF$8)*100) | BI12: %=0 | BJ12: =IF(BJ$8=0,0,(AQ82/BJ$8)*100) | BK12: =IF(BK$8=0,0,(AR82/BK$8)*100) | BL12: =IF(BL$8=0,0,(AS82/BL$8)*100) | BM12: =IF(BM$8=0,0,(AT82/BM$8)*100) | BN12: =IF(BN$8=0,0,(AU82/BN$8)*100) | BO12: =IF(BO$8=0,0,(AV82/BO$8)*100)
U13: =IF(D13="","",D13-I12-1) | V13: =IF(E13="","",E13-D13-1) | W13: =IF(F13="","",F13-E13-1) | X13: =IF(G13="","",G13-F13-1) | Y13: =IF(H13="","",H13-G13-1) | Z13: =IF(I13="","",I13-H13-1) | AA13: =SUM(U13:Z13) | AJ13: =IF(L13="","",L13-Q12-1) | AK13: =IF(M13="","",M13-L13-1) | AL13: =IF(N13="","",N13-M13-1) | AM13: =IF(O13="","",O13-N13-1) | AN13: =IF(P13="","",P13-O13-1) | AO13: =IF(Q13="","",Q13-P13-1) | AP13: =SUM(AJ13:AO13) | AZ13: %>0 | BA13: =IF(BA$8=0,0,(AB83/BA$8)*100) | BB13: =IF(BB$8=0,0,(AC83/BB$8)*100) | BC13: =IF(BC$8=0,0,(AD83/BC$8)*100) | BD13: =IF(BD$8=0,0,(AE83/BD$8)*100) | BE13: =IF(BE$8=0,0,(AF83/BE$8)*100) | BF13: =IF(BF$8=0,0,(AG83/BF$8)*100) | BI13: %>0 | BJ13: =IF(BJ$8=0,0,(AQ83/BJ$8)*100) | BK13: =IF(BK$8=0,0,(AR83/BK$8)*100) | BL13: =IF(BL$8=0,0,(AS83/BL$8)*100) | BM13: =IF(BM$8=0,0,(AT83/BM$8)*100) | BN13: =IF(BN$8=0,0,(AU83/BN$8)*100) | BO13: =IF(BO$8=0,0,(AV83/BO$8)*100)
U14: =IF(D14="","",D14-I13-1) | V14: =IF(E14="","",E14-D14-1) | W14: =IF(F14="","",F14-E14-1) | X14: =IF(G14="","",G14-F14-1) | Y14: =IF(H14="","",H14-G14-1) | Z14: =IF(I14="","",I14-H14-1) | AA14: =SUM(U14:Z14) | AJ14: =IF(L14="","",L14-Q13-1) | AK14: =IF(M14="","",M14-L14-1) | AL14: =IF(N14="","",N14-M14-1) | AM14: =IF(O14="","",O14-N14-1) | AN14: =IF(P14="","",P14-O14-1) | AO14: =IF(Q14="","",Q14-P14-1) | AP14: =SUM(AJ14:AO14) | AZ14: %>1 | BA14: =IF(BA$8=0,0,(AB84/BA$8)*100) | BB14: =IF(BB$8=0,0,(AC84/BB$8)*100) | BC14: =IF(BC$8=0,0,(AD84/BC$8)*100) | BD14: =IF(BD$8=0,0,(AE84/BD$8)*100) | BE14: =IF(BE$8=0,0,(AF84/BE$8)*100) | BF14: =IF(BF$8=0,0,(AG84/BF$8)*100) | BI14: %>1 | BJ14: =IF(BJ$8=0,0,(AQ84/BJ$8)*100) | BK14: =IF(BK$8=0,0,(AR84/BK$8)*100) | BL14: =IF(BL$8=0,0,(AS84/BL$8)*100) | BM14: =IF(BM$8=0,0,(AT84/BM$8)*100) | BN14: =IF(BN$8=0,0,(AU84/BN$8)*100) | BO14: =IF(BO$8=0,0,(AV84/BO$8)*100)
U15: =COUNTIF(U9:U14,">=0") | V15: =COUNTIF(V9:V14,">=0") | W15: =COUNTIF(W9:W14,">=0") | X15: =COUNTIF(X9:X14,">=0") | Y15: =COUNTIF(Y9:Y14,">=0") | Z15: =COUNTIF(Z9:Z14,">=0") | AA15: =SUM(AA9:AA14) | AB15: =IF(OR(AD7=0,AD7=""),"",(AA15/AD7)*100) | AJ15: =COUNTIF(AJ9:AJ14,">=0") | AK15: =COUNTIF(AK9:AK14,">=0") | AL15: =COUNTIF(AL9:AL14,">=0") | AM15: =COUNTIF(AM9:AM14,">=0") | AN15: =COUNTIF(AN9:AN14,">=0") | AO15: =COUNTIF(AO9:AO14,">=0") | AP15: =SUM(AP9:AP14) | AQ15: =IF(OR(AS7=0,AS7=""),"",(AP15/AS7)*100)
U16: =SUM(U9:U14) | V16: =SUM(V9:V14) | W16: =SUM(W9:W14) | X16: =SUM(X9:X14) | Y16: =SUM(Y9:Y14) | Z16: =SUM(Z9:Z14) | AJ16: =SUM(AJ9:AJ14) | AK16: =SUM(AK9:AK14) | AL16: =SUM(AL9:AL14) | AM16: =SUM(AM9:AM14) | AN16: =SUM(AN9:AN14) | AO16: =SUM(AO9:AO14)
U17: =IF($AA15=0,0,(U16/$AA15)*100) | V17: =IF($AA15=0,0,(V16/$AA15)*100) | W17: =IF($AA15=0,0,(W16/$AA15)*100) | X17: =IF($AA15=0,0,(X16/$AA15)*100) | Y17: =IF($AA15=0,0,(Y16/$AA15)*100) | Z17: =IF($AA15=0,0,(Z16/$AA15)*100) | AA17: PR% | AJ17: =IF($AP15=0,0,(AJ16/$AP15)*100) | AK17: =IF($AP15=0,0,(AK16/$AP15)*100) | AL17: =IF($AP15=0,0,(AL16/$AP15)*100) | AM17: =IF($AP15=0,0,(AM16/$AP15)*100) | AN17: =IF($AP15=0,0,(AN16/$AP15)*100) | AO17: =IF($AP15=0,0,(AO16/$AP15)*100) | AP17: PR%
A18: SET II
D19: =IF($D$7="","",$D$7) | L19: =IF($L$7="","",$L$7) | U19: =IF($B20="","",$B20) | V19: =IF(U19="","",IF(U19=1,6,U19-1)) | W19: =IF(V19="","",IF(V19=1,6,V19-1)) | X19: =IF(W19="","",IF(W19=1,6,W19-1)) | Y19: =IF(X19="","",IF(X19=1,6,X19-1)) | Z19: =IF(Y19="","",IF(Y19=1,6,Y19-1)) | AA19: P | AB19: SET II | AD19: =IF(D21="","",MAX(D21:I26)) | AJ19: =IF($B20="","",$B20) | AK19: =IF(AJ19="","",IF(AJ19=1,6,AJ19-1)) | AL19: =IF(AK19="","",IF(AK19=1,6,AK19-1)) | AM19: =IF(AL19="","",IF(AL19=1,6,AL19-1)) | AN19: =IF(AM19="","",IF(AM19=1,6,AM19-1)) | AO19: =IF(AN19="","",IF(AN19=1,6,AN19-1)) | AP19: P | AQ19: SET II | AS19: =IF(L21="","",MAX(L21:Q26))
A20: P | D20: I | E20: II | F20: III | G20: IV | H20: V | I20: VI | L20: I | M20: II | N20: III | O20: IV | P20: V | Q20: VI | U20: I | V20: II | W20: III | X20: IV | Y20: V | Z20: VI | AA20: TR | AJ20: I | AK20: II | AL20: III | AM20: IV | AN20: V | AO20: VI | AP20: TR
U21: =IF(D21="","",IF(UPPER(D21)="X","",D21)) | V21: =IF(E21="","",IF(UPPER(D21)="X",E21-1,E21-D21-1)) | W21: =IF(F21="","",F21-E21-1) | X21: =IF(G21="","",G21-F21-1) | Y21: =IF(H21="","",H21-G21-1) | Z21: =IF(I21="","",I21-H21-1) | AA21: =SUM(U21:Z21) | AJ21: =IF(L21="","",IF(UPPER(L21)="X","",L21)) | AK21: =IF(M21="","",IF(UPPER(L21)="X",M21-1,M21-L21-1)) | AL21: =IF(N21="","",N21-M21-1) | AM21: =IF(O21="","",O21-N21-1) | AN21: =IF(P21="","",P21-O21-1) | AO21: =IF(Q21="","",Q21-P21-1) | AP21: =SUM(AJ21:AO21)
U22: =IF(D22="","",D22-I21-1) | V22: =IF(E22="","",E22-D22-1) | W22: =IF(F22="","",F22-E22-1) | X22: =IF(G22="","",G22-F22-1) | Y22: =IF(H22="","",H22-G22-1) | Z22: =IF(I22="","",I22-H22-1) | AA22: =SUM(U22:Z22) | AJ22: =IF(L22="","",L22-Q21-1) | AK22: =IF(M22="","",M22-L22-1) | AL22: =IF(N22="","",N22-M22-1) | AM22: =IF(O22="","",O22-N22-1) | AN22: =IF(P22="","",P22-O22-1) | AO22: =IF(Q22="","",Q22-P22-1) | AP22: =SUM(AJ22:AO22)
U23: =IF(D23="","",D23-I22-1) | V23: =IF(E23="","",E23-D23-1) | W23: =IF(F23="","",F23-E23-1) | X23: =IF(G23="","",G23-F23-1) | Y23: =IF(H23="","",H23-G23-1) | Z23: =IF(I23="","",I23-H23-1) | AA23: =SUM(U23:Z23) | AJ23: =IF(L23="","",L23-Q22-1) | AK23: =IF(M23="","",M23-L23-1) | AL23: =IF(N23="","",N23-M23-1) | AM23: =IF(O23="","",O23-N23-1) | AN23: =IF(P23="","",P23-O23-1) | AO23: =IF(Q23="","",Q23-P23-1) | AP23: =SUM(AJ23:AO23)
U24: =IF(D24="","",D24-I23-1) | V24: =IF(E24="","",E24-D24-1) | W24: =IF(F24="","",F24-E24-1) | X24: =IF(G24="","",G24-F24-1) | Y24: =IF(H24="","",H24-G24-1) | Z24: =IF(I24="","",I24-H24-1) | AA24: =SUM(U24:Z24) | AJ24: =IF(L24="","",L24-Q23-1) | AK24: =IF(M24="","",M24-L24-1) | AL24: =IF(N24="","",N24-M24-1) | AM24: =IF(O24="","",O24-N24-1) | AN24: =IF(P24="","",P24-O24-1) | AO24: =IF(Q24="","",Q24-P24-1) | AP24: =SUM(AJ24:AO24)
U25: =IF(D25="","",D25-I24-1) | V25: =IF(E25="","",E25-D25-1) | W25: =IF(F25="","",F25-E25-1) | X25: =IF(G25="","",G25-F25-1) | Y25: =IF(H25="","",H25-G25-1) | Z25: =IF(I25="","",I25-H25-1) | AA25: =SUM(U25:Z25) | AJ25: =IF(L25="","",L25-Q24-1) | AK25: =IF(M25="","",M25-L25-1) | AL25: =IF(N25="","",N25-M25-1) | AM25: =IF(O25="","",O25-N25-1) | AN25: =IF(P25="","",P25-O25-1) | AO25: =IF(Q25="","",Q25-P25-1) | AP25: =SUM(AJ25:AO25)
U26: =IF(D26="","",D26-I25-1) | V26: =IF(E26="","",E26-D26-1) | W26: =IF(F26="","",F26-E26-1) | X26: =IF(G26="","",G26-F26-1) | Y26: =IF(H26="","",H26-G26-1) | Z26: =IF(I26="","",I26-H26-1) | AA26: =SUM(U26:Z26) | AJ26: =IF(L26="","",L26-Q25-1) | AK26: =IF(M26="","",M26-L26-1) | AL26: =IF(N26="","",N26-M26-1) | AM26: =IF(O26="","",O26-N26-1) | AN26: =IF(P26="","",P26-O26-1) | AO26: =IF(Q26="","",Q26-P26-1) | AP26: =SUM(AJ26:AO26)
U27: =COUNTIF(U21:U26,">=0") | V27: =COUNTIF(V21:V26,">=0") | W27: =COUNTIF(W21:W26,">=0") | X27: =COUNTIF(X21:X26,">=0") | Y27: =COUNTIF(Y21:Y26,">=0") | Z27: =COUNTIF(Z21:Z26,">=0") | AA27: =SUM(AA21:AA26) | AB27: =IF(OR(AD19=0,AD19=""),"",(AA27/AD19)*100) | AJ27: =COUNTIF(AJ21:AJ26,">=0") | AK27: =COUNTIF(AK21:AK26,">=0") | AL27: =COUNTIF(AL21:AL26,">=0") | AM27: =COUNTIF(AM21:AM26,">=0") | AN27: =COUNTIF(AN21:AN26,">=0") | AO27: =COUNTIF(AO21:AO26,">=0") | AP27: =SUM(AP21:AP26) | AQ27: =IF(OR(AS19=0,AS19=""),"",(AP27/AS19)*100)
U28: =SUM(U21:U26) | V28: =SUM(V21:V26) | W28: =SUM(W21:W26) | X28: =SUM(X21:X26) | Y28: =SUM(Y21:Y26) | Z28: =SUM(Z21:Z26) | AJ28: =SUM(AJ21:AJ26) | AK28: =SUM(AK21:AK26) | AL28: =SUM(AL21:AL26) | AM28: =SUM(AM21:AM26) | AN28: =SUM(AN21:AN26) | AO28: =SUM(AO21:AO26)
U29: =IF($AA27=0,0,(U28/$AA27)*100) | V29: =IF($AA27=0,0,(V28/$AA27)*100) | W29: =IF($AA27=0,0,(W28/$AA27)*100) | X29: =IF($AA27=0,0,(X28/$AA27)*100) | Y29: =IF($AA27=0,0,(Y28/$AA27)*100) | Z29: =IF($AA27=0,0,(Z28/$AA27)*100) | AA29: PR% | AJ29: =IF($AP27=0,0,(AJ28/$AP27)*100) | AK29: =IF($AP27=0,0,(AK28/$AP27)*100) | AL29: =IF($AP27=0,0,(AL28/$AP27)*100) | AM29: =IF($AP27=0,0,(AM28/$AP27)*100) | AN29: =IF($AP27=0,0,(AN28/$AP27)*100) | AO29: =IF($AP27=0,0,(AO28/$AP27)*100) | AP29: PR%
A30: SET III
D31: =D19 | L31: =L19 | U31: =IF($B32="","",$B32) | V31: =IF(U31="","",IF(U31=1,6,U31-1)) | W31: =IF(V31="","",IF(V31=1,6,V31-1)) | X31: =IF(W31="","",IF(W31=1,6,W31-1)) | Y31: =IF(X31="","",IF(X31=1,6,X31-1)) | Z31: =IF(Y31="","",IF(Y31=1,6,Y31-1)) | AA31: P | AB31: SET III | AD31: =IF(D33="","",MAX(D33:I38)) | AJ31: =IF($B32="","",$B32) | AK31: =IF(AJ31="","",IF(AJ31=1,6,AJ31-1)) | AL31: =IF(AK31="","",IF(AK31=1,6,AK31-1)) | AM31: =IF(AL31="","",IF(AL31=1,6,AL31-1)) | AN31: =IF(AM31="","",IF(AM31=1,6,AM31-1)) | AO31: =IF(AN31="","",IF(AN31=1,6,AN31-1)) | AP31: P | AQ31: SET III | AS31: =IF(L33="","",MAX(L33:Q38))
A32: P | D32: I | E32: II | F32: III | G32: IV | H32: V | I32: VI | L32: I | M32: II | N32: III | O32: IV | P32: V | Q32: VI | U32: I | V32: II | W32: III | X32: IV | Y32: V | Z32: VI | AA32: TR | AJ32: I | AK32: II | AL32: III | AM32: IV | AN32: V | AO32: VI | AP32: TR
U33: =IF(D33="","",IF(UPPER(D33)="X","",D33)) | V33: =IF(E33="","",IF(UPPER(D33)="X",E33-1,E33-D33-1)) | W33: =IF(F33="","",F33-E33-1) | X33: =IF(G33="","",G33-F33-1) | Y33: =IF(H33="","",H33-G33-1) | Z33: =IF(I33="","",I33-H33-1) | AA33: =SUM(U33:Z33) | AJ33: =IF(L33="","",IF(UPPER(L33)="X","",L33)) | AK33: =IF(M33="","",IF(UPPER(L33)="X",M33-1,M33-L33-1)) | AL33: =IF(N33="","",N33-M33-1) | AM33: =IF(O33="","",O33-N33-1) | AN33: =IF(P33="","",P33-O33-1) | AO33: =IF(Q33="","",Q33-P33-1) | AP33: =SUM(AJ33:AO33)
U34: =IF(D34="","",D34-I33-1) | V34: =IF(E34="","",E34-D34-1) | W34: =IF(F34="","",F34-E34-1) | X34: =IF(G34="","",G34-F34-1) | Y34: =IF(H34="","",H34-G34-1) | Z34: =IF(I34="","",I34-H34-1) | AA34: =SUM(U34:Z34) | AJ34: =IF(L34="","",L34-Q33-1) | AK34: =IF(M34="","",M34-L34-1) | AL34: =IF(N34="","",N34-M34-1) | AM34: =IF(O34="","",O34-N34-1) | AN34: =IF(P34="","",P34-O34-1) | AO34: =IF(Q34="","",Q34-P34-1) | AP34: =SUM(AJ34:AO34)
U35: =IF(D35="","",D35-I34-1) | V35: =IF(E35="","",E35-D35-1) | W35: =IF(F35="","",F35-E35-1) | X35: =IF(G35="","",G35-F35-1) | Y35: =IF(H35="","",H35-G35-1) | Z35: =IF(I35="","",I35-H35-1) | AA35: =SUM(U35:Z35) | AJ35: =IF(L35="","",L35-Q34-1) | AK35: =IF(M35="","",M35-L35-1) | AL35: =IF(N35="","",N35-M35-1) | AM35: =IF(O35="","",O35-N35-1) | AN35: =IF(P35="","",P35-O35-1) | AO35: =IF(Q35="","",Q35-P35-1) | AP35: =SUM(AJ35:AO35)
U36: =IF(D36="","",D36-I35-1) | V36: =IF(E36="","",E36-D36-1) | W36: =IF(F36="","",F36-E36-1) | X36: =IF(G36="","",G36-F36-1) | Y36: =IF(H36="","",H36-G36-1) | Z36: =IF(I36="","",I36-H36-1) | AA36: =SUM(U36:Z36) | AJ36: =IF(L36="","",L36-Q35-1) | AK36: =IF(M36="","",M36-L36-1) | AL36: =IF(N36="","",N36-M36-1) | AM36: =IF(O36="","",O36-N36-1) | AN36: =IF(P36="","",P36-O36-1) | AO36: =IF(Q36="","",Q36-P36-1) | AP36: =SUM(AJ36:AO36)
U37: =IF(D37="","",D37-I36-1) | V37: =IF(E37="","",E37-D37-1) | W37: =IF(F37="","",F37-E37-1) | X37: =IF(G37="","",G37-F37-1) | Y37: =IF(H37="","",H37-G37-1) | Z37: =IF(I37="","",I37-H37-1) | AA37: =SUM(U37:Z37) | AJ37: =IF(L37="","",L37-Q36-1) | AK37: =IF(M37="","",M37-L37-1) | AL37: =IF(N37="","",N37-M37-1) | AM37: =IF(O37="","",O37-N37-1) | AN37: =IF(P37="","",P37-O37-1) | AO37: =IF(Q37="","",Q37-P37-1) | AP37: =SUM(AJ37:AO37)
U38: =IF(D38="","",D38-I37-1) | V38: =IF(E38="","",E38-D38-1) | W38: =IF(F38="","",F38-E38-1) | X38: =IF(G38="","",G38-F38-1) | Y38: =IF(H38="","",H38-G38-1) | Z38: =IF(I38="","",I38-H38-1) | AA38: =SUM(U38:Z38) | AJ38: =IF(L38="","",L38-Q37-1) | AK38: =IF(M38="","",M38-L38-1) | AL38: =IF(N38="","",N38-M38-1) | AM38: =IF(O38="","",O38-N38-1) | AN38: =IF(P38="","",P38-O38-1) | AO38: =IF(Q38="","",Q38-P38-1) | AP38: =SUM(AJ38:AO38)
U39: =COUNTIF(U33:U38,">=0") | V39: =COUNTIF(V33:V38,">=0") | W39: =COUNTIF(W33:W38,">=0") | X39: =COUNTIF(X33:X38,">=0") | Y39: =COUNTIF(Y33:Y38,">=0") | Z39: =COUNTIF(Z33:Z38,">=0") | AA39: =SUM(AA33:AA38) | AB39: =IF(OR(AD31=0,AD31=""),"",(AA39/AD31)*100) | AJ39: =COUNTIF(AJ33:AJ38,">=0") | AK39: =COUNTIF(AK33:AK38,">=0") | AL39: =COUNTIF(AL33:AL38,">=0") | AM39: =COUNTIF(AM33:AM38,">=0") | AN39: =COUNTIF(AN33:AN38,">=0") | AO39: =COUNTIF(AO33:AO38,">=0") | AP39: =SUM(AP33:AP38) | AQ39: =IF(OR(AS31=0,AS31=""),"",(AP39/AS31)*100)
U40: =SUM(U33:U38) | V40: =SUM(V33:V38) | W40: =SUM(W33:W38) | X40: =SUM(X33:X38) | Y40: =SUM(Y33:Y38) | Z40: =SUM(Z33:Z38) | AJ40: =SUM(AJ33:AJ38) | AK40: =SUM(AK33:AK38) | AL40: =SUM(AL33:AL38) | AM40: =SUM(AM33:AM38) | AN40: =SUM(AN33:AN38) | AO40: =SUM(AO33:AO38)
U41: =IF($AA39=0,0,(U40/$AA39)*100) | V41: =IF($AA39=0,0,(V40/$AA39)*100) | W41: =IF($AA39=0,0,(W40/$AA39)*100) | X41: =IF($AA39=0,0,(X40/$AA39)*100) | Y41: =IF($AA39=0,0,(Y40/$AA39)*100) | Z41: =IF($AA39=0,0,(Z40/$AA39)*100) | AA41: PR% | AJ41: =IF($AP39=0,0,(AJ40/$AP39)*100) | AK41: =IF($AP39=0,0,(AK40/$AP39)*100) | AL41: =IF($AP39=0,0,(AL40/$AP39)*100) | AM41: =IF($AP39=0,0,(AM40/$AP39)*100) | AN41: =IF($AP39=0,0,(AN40/$AP39)*100) | AO41: =IF($AP39=0,0,(AO40/$AP39)*100) | AP41: PR%
A42: SET IV
D43: =D31 | L43: =L31 | U43: =IF($B44="","",$B44) | V43: =IF(U43="","",IF(U43=1,6,U43-1)) | W43: =IF(V43="","",IF(V43=1,6,V43-1)) | X43: =IF(W43="","",IF(W43=1,6,W43-1)) | Y43: =IF(X43="","",IF(X43=1,6,X43-1)) | Z43: =IF(Y43="","",IF(Y43=1,6,Y43-1)) | AA43: P | AB43: SET IV | AD43: =IF(D45="","",MAX(D45:I50)) | AJ43: =IF($B44="","",$B44) | AK43: =IF(AJ43="","",IF(AJ43=1,6,AJ43-1)) | AL43: =IF(AK43="","",IF(AK43=1,6,AK43-1)) | AM43: =IF(AL43="","",IF(AL43=1,6,AL43-1)) | AN43: =IF(AM43="","",IF(AM43=1,6,AM43-1)) | AO43: =IF(AN43="","",IF(AN43=1,6,AN43-1)) | AP43: P | AQ43: SET IV | AS43: =IF(L45="","",MAX(L45:Q50))
A44: P | D44: I | E44: II | F44: III | G44: IV | H44: V | I44: VI | L44: I | M44: II | N44: III | O44: IV | P44: V | Q44: VI | U44: I | V44: II | W44: III | X44: IV | Y44: V | Z44: VI | AA44: TR | AJ44: I | AK44: II | AL44: III | AM44: IV | AN44: V | AO44: VI | AP44: TR
U45: =IF(D45="","",IF(UPPER(D45)="X","",D45)) | V45: =IF(E45="","",IF(UPPER(D45)="X",E45-1,E45-D45-1)) | W45: =IF(F45="","",F45-E45-1) | X45: =IF(G45="","",G45-F45-1) | Y45: =IF(H45="","",H45-G45-1) | Z45: =IF(I45="","",I45-H45-1) | AA45: =SUM(U45:Z45) | AJ45: =IF(L45="","",IF(UPPER(L45)="X","",L45)) | AK45: =IF(M45="","",IF(UPPER(L45)="X",M45-1,M45-L45-1)) | AL45: =IF(N45="","",N45-M45-1) | AM45: =IF(O45="","",O45-N45-1) | AN45: =IF(P45="","",P45-O45-1) | AO45: =IF(Q45="","",Q45-P45-1) | AP45: =SUM(AJ45:AO45)
U46: =IF(D46="","",D46-I45-1) | V46: =IF(E46="","",E46-D46-1) | W46: =IF(F46="","",F46-E46-1) | X46: =IF(G46="","",G46-F46-1) | Y46: =IF(H46="","",H46-G46-1) | Z46: =IF(I46="","",I46-H46-1) | AA46: =SUM(U46:Z46) | AJ46: =IF(L46="","",L46-Q45-1) | AK46: =IF(M46="","",M46-L46-1) | AL46: =IF(N46="","",N46-M46-1) | AM46: =IF(O46="","",O46-N46-1) | AN46: =IF(P46="","",P46-O46-1) | AO46: =IF(Q46="","",Q46-P46-1) | AP46: =SUM(AJ46:AO46)
U47: =IF(D47="","",D47-I46-1) | V47: =IF(E47="","",E47-D47-1) | W47: =IF(F47="","",F47-E47-1) | X47: =IF(G47="","",G47-F47-1) | Y47: =IF(H47="","",H47-G47-1) | Z47: =IF(I47="","",I47-H47-1) | AA47: =SUM(U47:Z47) | AJ47: =IF(L47="","",L47-Q46-1) | AK47: =IF(M47="","",M47-L47-1) | AL47: =IF(N47="","",N47-M47-1) | AM47: =IF(O47="","",O47-N47-1) | AN47: =IF(P47="","",P47-O47-1) | AO47: =IF(Q47="","",Q47-P47-1) | AP47: =SUM(AJ47:AO47)
U48: =IF(D48="","",D48-I47-1) | V48: =IF(E48="","",E48-D48-1) | W48: =IF(F48="","",F48-E48-1) | X48: =IF(G48="","",G48-F48-1) | Y48: =IF(H48="","",H48-G48-1) | Z48: =IF(I48="","",I48-H48-1) | AA48: =SUM(U48:Z48) | AJ48: =IF(L48="","",L48-Q47-1) | AK48: =IF(M48="","",M48-L48-1) | AL48: =IF(N48="","",N48-M48-1) | AM48: =IF(O48="","",O48-N48-1) | AN48: =IF(P48="","",P48-O48-1) | AO48: =IF(Q48="","",Q48-P48-1) | AP48: =SUM(AJ48:AO48)
U49: =IF(D49="","",D49-I48-1) | V49: =IF(E49="","",E49-D49-1) | W49: =IF(F49="","",F49-E49-1) | X49: =IF(G49="","",G49-F49-1) | Y49: =IF(H49="","",H49-G49-1) | Z49: =IF(I49="","",I49-H49-1) | AA49: =SUM(U49:Z49) | AJ49: =IF(L49="","",L49-Q48-1) | AK49: =IF(M49="","",M49-L49-1) | AL49: =IF(N49="","",N49-M49-1) | AM49: =IF(O49="","",O49-N49-1) | AN49: =IF(P49="","",P49-O49-1) | AO49: =IF(Q49="","",Q49-P49-1) | AP49: =SUM(AJ49:AO49)
U50: =IF(D50="","",D50-I49-1) | V50: =IF(E50="","",E50-D50-1) | W50: =IF(F50="","",F50-E50-1) | X50: =IF(G50="","",G50-F50-1) | Y50: =IF(H50="","",H50-G50-1) | Z50: =IF(I50="","",I50-H50-1) | AA50: =SUM(U50:Z50) | AJ50: =IF(L50="","",L50-Q49-1) | AK50: =IF(M50="","",M50-L50-1) | AL50: =IF(N50="","",N50-M50-1) | AM50: =IF(O50="","",O50-N50-1) | AN50: =IF(P50="","",P50-O50-1) | AO50: =IF(Q50="","",Q50-P50-1) | AP50: =SUM(AJ50:AO50)
U51: =COUNTIF(U45:U50,">=0") | V51: =COUNTIF(V45:V50,">=0") | W51: =COUNTIF(W45:W50,">=0") | X51: =COUNTIF(X45:X50,">=0") | Y51: =COUNTIF(Y45:Y50,">=0") | Z51: =COUNTIF(Z45:Z50,">=0") | AA51: =SUM(AA45:AA50) | AB51: =IF(OR(AD43=0,AD43=""),"",(AA51/AD43)*100) | AJ51: =COUNTIF(AJ45:AJ50,">=0") | AK51: =COUNTIF(AK45:AK50,">=0") | AL51: =COUNTIF(AL45:AL50,">=0") | AM51: =COUNTIF(AM45:AM50,">=0") | AN51: =COUNTIF(AN45:AN50,">=0") | AO51: =COUNTIF(AO45:AO50,">=0") | AP51: =SUM(AP45:AP50) | AQ51: =IF(OR(AS43=0,AS43=""),"",(AP51/AS43)*100)
U52: =SUM(U45:U50) | V52: =SUM(V45:V50) | W52: =SUM(W45:W50) | X52: =SUM(X45:X50) | Y52: =SUM(Y45:Y50) | Z52: =SUM(Z45:Z50) | AJ52: =SUM(AJ45:AJ50) | AK52: =SUM(AK45:AK50) | AL52: =SUM(AL45:AL50) | AM52: =SUM(AM45:AM50) | AN52: =SUM(AN45:AN50) | AO52: =SUM(AO45:AO50)
U53: =IF($AA51=0,0,(U52/$AA51)*100) | V53: =IF($AA51=0,0,(V52/$AA51)*100) | W53: =IF($AA51=0,0,(W52/$AA51)*100) | X53: =IF($AA51=0,0,(X52/$AA51)*100) | Y53: =IF($AA51=0,0,(Y52/$AA51)*100) | Z53: =IF($AA51=0,0,(Z52/$AA51)*100) | AA53: PR% | AJ53: =IF($AP51=0,0,(AJ52/$AP51)*100) | AK53: =IF($AP51=0,0,(AK52/$AP51)*100) | AL53: =IF($AP51=0,0,(AL52/$AP51)*100) | AM53: =IF($AP51=0,0,(AM52/$AP51)*100) | AN53: =IF($AP51=0,0,(AN52/$AP51)*100) | AO53: =IF($AP51=0,0,(AO52/$AP51)*100) | AP53: PR%
A54: SET V
D55: =D43 | L55: =L43 | U55: =IF($B56="","",$B56) | V55: =IF(U55="","",IF(U55=1,6,U55-1)) | W55: =IF(V55="","",IF(V55=1,6,V55-1)) | X55: =IF(W55="","",IF(W55=1,6,W55-1)) | Y55: =IF(X55="","",IF(X55=1,6,X55-1)) | Z55: =IF(Y55="","",IF(Y55=1,6,Y55-1)) | AA55: P | AB55: SET V | AD55: =IF(D57="","",MAX(D57:I62)) | AJ55: =IF($B56="","",$B56) | AK55: =IF(AJ55="","",IF(AJ55=1,6,AJ55-1)) | AL55: =IF(AK55="","",IF(AK55=1,6,AK55-1)) | AM55: =IF(AL55="","",IF(AL55=1,6,AL55-1)) | AN55: =IF(AM55="","",IF(AM55=1,6,AM55-1)) | AO55: =IF(AN55="","",IF(AN55=1,6,AN55-1)) | AP55: P | AQ55: SET V | AS55: =IF(L57="","",MAX(L57:Q62))
A56: P | D56: I | E56: II | F56: III | G56: IV | H56: V | I56: VI | L56: I | M56: II | N56: III | O56: IV | P56: V | Q56: VI | U56: I | V56: II | W56: III | X56: IV | Y56: V | Z56: VI | AA56: TR | AJ56: I | AK56: II | AL56: III | AM56: IV | AN56: V | AO56: VI | AP56: TR
U57: =IF(D57="","",IF(UPPER(D57)="X","",D57)) | V57: =IF(E57="","",IF(UPPER(D57)="X",E57-1,E57-D57-1)) | W57: =IF(F57="","",F57-E57-1) | X57: =IF(G57="","",G57-F57-1) | Y57: =IF(H57="","",H57-G57-1) | Z57: =IF(I57="","",I57-H57-1) | AA57: =SUM(U57:Z57) | AJ57: =IF(L57="","",IF(UPPER(L57)="X","",L57)) | AK57: =IF(M57="","",IF(UPPER(L57)="X",M57-1,M57-L57-1)) | AL57: =IF(N57="","",N57-M57-1) | AM57: =IF(O57="","",O57-N57-1) | AN57: =IF(P57="","",P57-O57-1) | AO57: =IF(Q57="","",Q57-P57-1) | AP57: =SUM(AJ57:AO57)
U58: =IF(D58="","",D58-I57-1) | V58: =IF(E58="","",E58-D58-1) | W58: =IF(F58="","",F58-E58-1) | X58: =IF(G58="","",G58-F58-1) | Y58: =IF(H58="","",H58-G58-1) | Z58: =IF(I58="","",I58-H58-1) | AA58: =SUM(U58:Z58) | AJ58: =IF(L58="","",L58-Q57-1) | AK58: =IF(M58="","",M58-L58-1) | AL58: =IF(N58="","",N58-M58-1) | AM58: =IF(O58="","",O58-N58-1) | AN58: =IF(P58="","",P58-O58-1) | AO58: =IF(Q58="","",Q58-P58-1) | AP58: =SUM(AJ58:AO58)
U59: =IF(D59="","",D59-I58-1) | V59: =IF(E59="","",E59-D59-1) | W59: =IF(F59="","",F59-E59-1) | X59: =IF(G59="","",G59-F59-1) | Y59: =IF(H59="","",H59-G59-1) | Z59: =IF(I59="","",I59-H59-1) | AA59: =SUM(U59:Z59) | AJ59: =IF(L59="","",L59-Q58-1) | AK59: =IF(M59="","",M59-L59-1) | AL59: =IF(N59="","",N59-M59-1) | AM59: =IF(O59="","",O59-N59-1) | AN59: =IF(P59="","",P59-O59-1) | AO59: =IF(Q59="","",Q59-P59-1) | AP59: =SUM(AJ59:AO59)
U60: =IF(D60="","",D60-I59-1) | V60: =IF(E60="","",E60-D60-1) | W60: =IF(F60="","",F60-E60-1) | X60: =IF(G60="","",G60-F60-1) | Y60: =IF(H60="","",H60-G60-1) | Z60: =IF(I60="","",I60-H60-1) | AA60: =SUM(U60:Z60) | AJ60: =IF(L60="","",L60-Q59-1) | AK60: =IF(M60="","",M60-L60-1) | AL60: =IF(N60="","",N60-M60-1) | AM60: =IF(O60="","",O60-N60-1) | AN60: =IF(P60="","",P60-O60-1) | AO60: =IF(Q60="","",Q60-P60-1) | AP60: =SUM(AJ60:AO60)
U61: =IF(D61="","",D61-I60-1) | V61: =IF(E61="","",E61-D61-1) | W61: =IF(F61="","",F61-E61-1) | X61: =IF(G61="","",G61-F61-1) | Y61: =IF(H61="","",H61-G61-1) | Z61: =IF(I61="","",I61-H61-1) | AA61: =SUM(U61:Z61) | AJ61: =IF(L61="","",L61-Q60-1) | AK61: =IF(M61="","",M61-L61-1) | AL61: =IF(N61="","",N61-M61-1) | AM61: =IF(O61="","",O61-N61-1) | AN61: =IF(P61="","",P61-O61-1) | AO61: =IF(Q61="","",Q61-P61-1) | AP61: =SUM(AJ61:AO61)
U62: =IF(D62="","",D62-I61-1) | V62: =IF(E62="","",E62-D62-1) | W62: =IF(F62="","",F62-E62-1) | X62: =IF(G62="","",G62-F62-1) | Y62: =IF(H62="","",H62-G62-1) | Z62: =IF(I62="","",I62-H62-1) | AA62: =SUM(U62:Z62) | AJ62: =IF(L62="","",L62-Q61-1) | AK62: =IF(M62="","",M62-L62-1) | AL62: =IF(N62="","",N62-M62-1) | AM62: =IF(O62="","",O62-N62-1) | AN62: =IF(P62="","",P62-O62-1) | AO62: =IF(Q62="","",Q62-P62-1) | AP62: =SUM(AJ62:AO62)
U63: =COUNTIF(U57:U62,">=0") | V63: =COUNTIF(V57:V62,">=0") | W63: =COUNTIF(W57:W62,">=0") | X63: =COUNTIF(X57:X62,">=0") | Y63: =COUNTIF(Y57:Y62,">=0") | Z63: =COUNTIF(Z57:Z62,">=0") | AA63: =SUM(AA57:AA62) | AB63: =IF(OR(AD55=0,AD55=""),"",(AA63/AD55)*100) | AJ63: =COUNTIF(AJ57:AJ62,">=0") | AK63: =COUNTIF(AK57:AK62,">=0") | AL63: =COUNTIF(AL57:AL62,">=0") | AM63: =COUNTIF(AM57:AM62,">=0") | AN63: =COUNTIF(AN57:AN62,">=0") | AO63: =COUNTIF(AO57:AO62,">=0") | AP63: =SUM(AP57:AP62) | AQ63: =IF(OR(AS55=0,AS55=""),"",(AP63/AS55)*100)
U64: =SUM(U57:U62) | V64: =SUM(V57:V62) | W64: =SUM(W57:W62) | X64: =SUM(X57:X62) | Y64: =SUM(Y57:Y62) | Z64: =SUM(Z57:Z62) | AJ64: =SUM(AJ57:AJ62) | AK64: =SUM(AK57:AK62) | AL64: =SUM(AL57:AL62) | AM64: =SUM(AM57:AM62) | AN64: =SUM(AN57:AN62) | AO64: =SUM(AO57:AO62)
U65: =IF($AA63=0,0,(U64/$AA63)*100) | V65: =IF($AA63=0,0,(V64/$AA63)*100) | W65: =IF($AA63=0,0,(W64/$AA63)*100) | X65: =IF($AA63=0,0,(X64/$AA63)*100) | Y65: =IF($AA63=0,0,(Y64/$AA63)*100) | Z65: =IF($AA63=0,0,(Z64/$AA63)*100) | AA65: PR% | AJ65: =IF($AP63=0,0,(AJ64/$AP63)*100) | AK65: =IF($AP63=0,0,(AK64/$AP63)*100) | AL65: =IF($AP63=0,0,(AL64/$AP63)*100) | AM65: =IF($AP63=0,0,(AM64/$AP63)*100) | AN65: =IF($AP63=0,0,(AN64/$AP63)*100) | AO65: =IF($AP63=0,0,(AO64/$AP63)*100) | AP65: PR%
S72: SET | U72: TURNI PER ROTAZIONE | AB72: PUNTI PER ROTAZIONE | AI72: SET | AJ72: TURNI PER ROTAZIONE | AQ72: PUNTI PER ROTAZIONE | AX72: SET
U73: 1 | V73: 2 | W73: 3 | X73: 4 | Y73: 5 | Z73: 6 | AB73: 1 | AC73: 2 | AD73: 3 | AE73: 4 | AF73: 5 | AG73: 6 | AJ73: 1 | AK73: 2 | AL73: 3 | AM73: 4 | AN73: 5 | AO73: 6 | AQ73: 1 | AR73: 2 | AS73: 3 | AT73: 4 | AU73: 5 | AV73: 6
S74: I | U74: =IF($D$9="",0,HLOOKUP(U$73,$U$7:$Z$16,9,FALSE)) | V74: =IF($D$9="",0,HLOOKUP(V$73,$U$7:$Z$16,9,FALSE)) | W74: =IF($D$9="",0,HLOOKUP(W$73,$U$7:$Z$16,9,FALSE)) | X74: =IF($D$9="",0,HLOOKUP(X$73,$U$7:$Z$16,9,FALSE)) | Y74: =IF($D$9="",0,HLOOKUP(Y$73,$U$7:$Z$16,9,FALSE)) | Z74: =IF($D$9="",0,HLOOKUP(Z$73,$U$7:$Z$16,9,FALSE)) | AB74: =IF($D$9="",0,HLOOKUP(AB$73,$U$7:$Z$16,10,FALSE)) | AC74: =IF($D$9="",0,HLOOKUP(AC$73,$U$7:$Z$16,10,FALSE)) | AD74: =IF($D$9="",0,HLOOKUP(AD$73,$U$7:$Z$16,10,FALSE)) | AE74: =IF($D$9="",0,HLOOKUP(AE$73,$U$7:$Z$16,10,FALSE)) | AF74: =IF($D$9="",0,HLOOKUP(AF$73,$U$7:$Z$16,10,FALSE)) | AG74: =IF($D$9="",0,HLOOKUP(AG$73,$U$7:$Z$16,10,FALSE)) | AI74: I | AJ74: =IF($L$9="",0,HLOOKUP(AJ$73,$AJ$7:$AO$16,9,FALSE)) | AK74: =IF($L$9="",0,HLOOKUP(AK$73,$AJ$7:$AO$16,9,FALSE)) | AL74: =IF($L$9="",0,HLOOKUP(AL$73,$AJ$7:$AO$16,9,FALSE)) | AM74: =IF($L$9="",0,HLOOKUP(AM$73,$AJ$7:$AO$16,9,FALSE)) | AN74: =IF($L$9="",0,HLOOKUP(AN$73,$AJ$7:$AO$16,9,FALSE)) | AO74: =IF($L$9="",0,HLOOKUP(AO$73,$AJ$7:$AO$16,9,FALSE)) | AQ74: =IF($L$9="",0,HLOOKUP(AQ$73,$AJ$7:$AO$16,10,FALSE)) | AR74: =IF($L$9="",0,HLOOKUP(AR$73,$AJ$7:$AO$16,10,FALSE)) | AS74: =IF($L$9="",0,HLOOKUP(AS$73,$AJ$7:$AO$16,10,FALSE)) | AT74: =IF($L$9="",0,HLOOKUP(AT$73,$AJ$7:$AO$16,10,FALSE)) | AU74: =IF($L$9="",0,HLOOKUP(AU$73,$AJ$7:$AO$16,10,FALSE)) | AV74: =IF($L$9="",0,HLOOKUP(AV$73,$AJ$7:$AO$16,10,FALSE)) | AX74: I
S75: II | U75: =IF($D$21="",0,HLOOKUP(U$73,$U$19:$Z$28,9,FALSE)) | V75: =IF($D$21="",0,HLOOKUP(V$73,$U$19:$Z$28,9,FALSE)) | W75: =IF($D$21="",0,HLOOKUP(W$73,$U$19:$Z$28,9,FALSE)) | X75: =IF($D$21="",0,HLOOKUP(X$73,$U$19:$Z$28,9,FALSE)) | Y75: =IF($D$21="",0,HLOOKUP(Y$73,$U$19:$Z$28,9,FALSE)) | Z75: =IF($D$21="",0,HLOOKUP(Z$73,$U$19:$Z$28,9,FALSE)) | AB75: =IF($D$21="",0,HLOOKUP(AB$73,$U$19:$Z$28,10,FALSE)) | AC75: =IF($D$21="",0,HLOOKUP(AC$73,$U$19:$Z$28,10,FALSE)) | AD75: =IF($D$21="",0,HLOOKUP(AD$73,$U$19:$Z$28,10,FALSE)) | AE75: =IF($D$21="",0,HLOOKUP(AE$73,$U$19:$Z$28,10,FALSE)) | AF75: =IF($D$21="",0,HLOOKUP(AF$73,$U$19:$Z$28,10,FALSE)) | AG75: =IF($D$21="",0,HLOOKUP(AG$73,$U$19:$Z$28,10,FALSE)) | AI75: II | AJ75: =IF($L$21="",0,HLOOKUP(AJ$73,$AJ$19:$AO$28,9,FALSE)) | AK75: =IF($L$21="",0,HLOOKUP(AK$73,$AJ$19:$AO$28,9,FALSE)) | AL75: =IF($L$21="",0,HLOOKUP(AL$73,$AJ$19:$AO$28,9,FALSE)) | AM75: =IF($L$21="",0,HLOOKUP(AM$73,$AJ$19:$AO$28,9,FALSE)) | AN75: =IF($L$21="",0,HLOOKUP(AN$73,$AJ$19:$AO$28,9,FALSE)) | AO75: =IF($L$21="",0,HLOOKUP(AO$73,$AJ$19:$AO$28,9,FALSE)) | AQ75: =IF($L$21="",0,HLOOKUP(AQ$73,$AJ$19:$AO$28,10,FALSE)) | AR75: =IF($L$21="",0,HLOOKUP(AR$73,$AJ$19:$AO$28,10,FALSE)) | AS75: =IF($L$21="",0,HLOOKUP(AS$73,$AJ$19:$AO$28,10,FALSE)) | AT75: =IF($L$21="",0,HLOOKUP(AT$73,$AJ$19:$AO$28,10,FALSE)) | AU75: =IF($L$21="",0,HLOOKUP(AU$73,$AJ$19:$AO$28,10,FALSE)) | AV75: =IF($L$21="",0,HLOOKUP(AV$73,$AJ$19:$AO$28,10,FALSE)) | AX75: II
S76: III | U76: =IF($D$33="",0,HLOOKUP(U$73,$U$31:$Z$40,9,FALSE)) | V76: =IF($D$33="",0,HLOOKUP(V$73,$U$31:$Z$40,9,FALSE)) | W76: =IF($D$33="",0,HLOOKUP(W$73,$U$31:$Z$40,9,FALSE)) | X76: =IF($D$33="",0,HLOOKUP(X$73,$U$31:$Z$40,9,FALSE)) | Y76: =IF($D$33="",0,HLOOKUP(Y$73,$U$31:$Z$40,9,FALSE)) | Z76: =IF($D$33="",0,HLOOKUP(Z$73,$U$31:$Z$40,9,FALSE)) | AB76: =IF($D$33="",0,HLOOKUP(AB$73,$U$31:$Z$40,10,FALSE)) | AC76: =IF($D$33="",0,HLOOKUP(AC$73,$U$31:$Z$40,10,FALSE)) | AD76: =IF($D$33="",0,HLOOKUP(AD$73,$U$31:$Z$40,10,FALSE)) | AE76: =IF($D$33="",0,HLOOKUP(AE$73,$U$31:$Z$40,10,FALSE)) | AF76: =IF($D$33="",0,HLOOKUP(AF$73,$U$31:$Z$40,10,FALSE)) | AG76: =IF($D$33="",0,HLOOKUP(AG$73,$U$31:$Z$40,10,FALSE)) | AI76: III | AJ76: =IF($L$33="",0,HLOOKUP(AJ$73,$AJ$31:$AO$40,9,FALSE)) | AK76: =IF($L$33="",0,HLOOKUP(AK$73,$AJ$31:$AO$40,9,FALSE)) | AL76: =IF($L$33="",0,HLOOKUP(AL$73,$AJ$31:$AO$40,9,FALSE)) | AM76: =IF($L$33="",0,HLOOKUP(AM$73,$AJ$31:$AO$40,9,FALSE)) | AN76: =IF($L$33="",0,HLOOKUP(AN$73,$AJ$31:$AO$40,9,FALSE)) | AO76: =IF($L$33="",0,HLOOKUP(AO$73,$AJ$31:$AO$40,9,FALSE)) | AQ76: =IF($L$33="",0,HLOOKUP(AQ$73,$AJ$31:$AO$40,10,FALSE)) | AR76: =IF($L$33="",0,HLOOKUP(AR$73,$AJ$31:$AO$40,10,FALSE)) | AS76: =IF($L$33="",0,HLOOKUP(AS$73,$AJ$31:$AO$40,10,FALSE)) | AT76: =IF($L$33="",0,HLOOKUP(AT$73,$AJ$31:$AO$40,10,FALSE)) | AU76: =IF($L$33="",0,HLOOKUP(AU$73,$AJ$31:$AO$40,10,FALSE)) | AV76: =IF($L$33="",0,HLOOKUP(AV$73,$AJ$31:$AO$40,10,FALSE)) | AX76: III
S77: IV | U77: =IF($D$45="",0,HLOOKUP(U$73,$U$43:$Z$52,9,FALSE)) | V77: =IF($D$45="",0,HLOOKUP(V$73,$U$43:$Z$52,9,FALSE)) | W77: =IF($D$45="",0,HLOOKUP(W$73,$U$43:$Z$52,9,FALSE)) | X77: =IF($D$45="",0,HLOOKUP(X$73,$U$43:$Z$52,9,FALSE)) | Y77: =IF($D$45="",0,HLOOKUP(Y$73,$U$43:$Z$52,9,FALSE)) | Z77: =IF($D$45="",0,HLOOKUP(Z$73,$U$43:$Z$52,9,FALSE)) | AB77: =IF($D$45="",0,HLOOKUP(AB$73,$U$43:$Z$52,10,FALSE)) | AC77: =IF($D$45="",0,HLOOKUP(AC$73,$U$43:$Z$52,10,FALSE)) | AD77: =IF($D$45="",0,HLOOKUP(AD$73,$U$43:$Z$52,10,FALSE)) | AE77: =IF($D$45="",0,HLOOKUP(AE$73,$U$43:$Z$52,10,FALSE)) | AF77: =IF($D$45="",0,HLOOKUP(AF$73,$U$43:$Z$52,10,FALSE)) | AG77: =IF($D$45="",0,HLOOKUP(AG$73,$U$43:$Z$52,10,FALSE)) | AI77: IV | AJ77: =IF($L$45="",0,HLOOKUP(AJ$73,$AJ$43:$AO$52,9,FALSE)) | AK77: =IF($L$45="",0,HLOOKUP(AK$73,$AJ$43:$AO$52,9,FALSE)) | AL77: =IF($L$45="",0,HLOOKUP(AL$73,$AJ$43:$AO$52,9,FALSE)) | AM77: =IF($L$45="",0,HLOOKUP(AM$73,$AJ$43:$AO$52,9,FALSE)) | AN77: =IF($L$45="",0,HLOOKUP(AN$73,$AJ$43:$AO$52,9,FALSE)) | AO77: =IF($L$45="",0,HLOOKUP(AO$73,$AJ$43:$AO$52,9,FALSE)) | AQ77: =IF($L$45="",0,HLOOKUP(AQ$73,$AJ$43:$AO$52,10,FALSE)) | AR77: =IF($L$45="",0,HLOOKUP(AR$73,$AJ$43:$AO$52,10,FALSE)) | AS77: =IF($L$45="",0,HLOOKUP(AS$73,$AJ$43:$AO$52,10,FALSE)) | AT77: =IF($L$45="",0,HLOOKUP(AT$73,$AJ$43:$AO$52,10,FALSE)) | AU77: =IF($L$45="",0,HLOOKUP(AU$73,$AJ$43:$AO$52,10,FALSE)) | AV77: =IF($L$45="",0,HLOOKUP(AV$73,$AJ$43:$AO$52,10,FALSE)) | AX77: IV
S78: V | U78: =IF($D$57="",0,HLOOKUP(U$73,$U$55:$Z$64,9,FALSE)) | V78: =IF($D$57="",0,HLOOKUP(V$73,$U$55:$Z$64,9,FALSE)) | W78: =IF($D$57="",0,HLOOKUP(W$73,$U$55:$Z$64,9,FALSE)) | X78: =IF($D$57="",0,HLOOKUP(X$73,$U$55:$Z$64,9,FALSE)) | Y78: =IF($D$57="",0,HLOOKUP(Y$73,$U$55:$Z$64,9,FALSE)) | Z78: =IF($D$57="",0,HLOOKUP(Z$73,$U$55:$Z$64,9,FALSE)) | AB78: =IF($D$57="",0,HLOOKUP(AB$73,$U$55:$Z$64,10,FALSE)) | AC78: =IF($D$57="",0,HLOOKUP(AC$73,$U$55:$Z$64,10,FALSE)) | AD78: =IF($D$57="",0,HLOOKUP(AD$73,$U$55:$Z$64,10,FALSE)) | AE78: =IF($D$57="",0,HLOOKUP(AE$73,$U$55:$Z$64,10,FALSE)) | AF78: =IF($D$57="",0,HLOOKUP(AF$73,$U$55:$Z$64,10,FALSE)) | AG78: =IF($D$57="",0,HLOOKUP(AG$73,$U$55:$Z$64,10,FALSE)) | AI78: V | AJ78: =IF($L$57="",0,HLOOKUP(AJ$73,$AJ$55:$AO$64,9,FALSE)) | AK78: =IF($L$57="",0,HLOOKUP(AK$73,$AJ$55:$AO$64,9,FALSE)) | AL78: =IF($L$57="",0,HLOOKUP(AL$73,$AJ$55:$AO$64,9,FALSE)) | AM78: =IF($L$57="",0,HLOOKUP(AM$73,$AJ$55:$AO$64,9,FALSE)) | AN78: =IF($L$57="",0,HLOOKUP(AN$73,$AJ$55:$AO$64,9,FALSE)) | AO78: =IF($L$57="",0,HLOOKUP(AO$73,$AJ$55:$AO$64,9,FALSE)) | AQ78: =IF($L$57="",0,HLOOKUP(AQ$73,$AJ$55:$AO$64,10,FALSE)) | AR78: =IF($L$57="",0,HLOOKUP(AR$73,$AJ$55:$AO$64,10,FALSE)) | AS78: =IF($L$57="",0,HLOOKUP(AS$73,$AJ$55:$AO$64,10,FALSE)) | AT78: =IF($L$57="",0,HLOOKUP(AT$73,$AJ$55:$AO$64,10,FALSE)) | AU78: =IF($L$57="",0,HLOOKUP(AU$73,$AJ$55:$AO$64,10,FALSE)) | AV78: =IF($L$57="",0,HLOOKUP(AV$73,$AJ$55:$AO$64,10,FALSE)) | AX78: V
U79: =SUM(U74:U78) | V79: =SUM(V74:V78) | W79: =SUM(W74:W78) | X79: =SUM(X74:X78) | Y79: =SUM(Y74:Y78) | Z79: =SUM(Z74:Z78) | AB79: =SUM(AB74:AB78) | AC79: =SUM(AC74:AC78) | AD79: =SUM(AD74:AD78) | AE79: =SUM(AE74:AE78) | AF79: =SUM(AF74:AF78) | AG79: =SUM(AG74:AG78) | AJ79: =SUM(AJ74:AJ78) | AK79: =SUM(AK74:AK78) | AL79: =SUM(AL74:AL78) | AM79: =SUM(AM74:AM78) | AN79: =SUM(AN74:AN78) | AO79: =SUM(AO74:AO78) | AQ79: =SUM(AQ74:AQ78) | AR79: =SUM(AR74:AR78) | AS79: =SUM(AS74:AS78) | AT79: =SUM(AT74:AT78) | AU79: =SUM(AU74:AU78) | AV79: =SUM(AV74:AV78)
AA82: 0 | AB82: =U79-COUNTIF(AB74:AB78,">0") | AC82: =V79-COUNTIF(AC74:AC78,">0") | AD82: =W79-COUNTIF(AD74:AD78,">0") | AE82: =X79-COUNTIF(AE74:AE78,">0") | AF82: =Y79-COUNTIF(AF74:AF78,">0") | AG82: =Z79-COUNTIF(AG74:AG78,">0") | AP82: 0 | AQ82: =AJ79-COUNTIF(AQ74:AQ78,">0") | AR82: =AK79-COUNTIF(AR74:AR78,">0") | AS82: =AL79-COUNTIF(AS74:AS78,">0") | AT82: =AM79-COUNTIF(AT74:AT78,">0") | AU82: =AN79-COUNTIF(AU74:AU78,">0") | AV82: =AO79-COUNTIF(AV74:AV78,">0")
AA83: 1 | AB83: =COUNTIF(AB74:AB78,">0") | AC83: =COUNTIF(AC74:AC78,">0") | AD83: =COUNTIF(AD74:AD78,">0") | AE83: =COUNTIF(AE74:AE78,">0") | AF83: =COUNTIF(AF74:AF78,">0") | AG83: =COUNTIF(AG74:AG78,">0") | AP83: 1 | AQ83: =COUNTIF(AQ74:AQ78,">0") | AR83: =COUNTIF(AR74:AR78,">0") | AS83: =COUNTIF(AS74:AS78,">0") | AT83: =COUNTIF(AT74:AT78,">0") | AU83: =COUNTIF(AU74:AU78,">0") | AV83: =COUNTIF(AV74:AV78,">0")
AA84: > | AB84: =COUNTIF(AB74:AB78,">1") | AC84: =COUNTIF(AC74:AC78,">1") | AD84: =COUNTIF(AD74:AD78,">1") | AE84: =COUNTIF(AE74:AE78,">1") | AF84: =COUNTIF(AF74:AF78,">1") | AG84: =COUNTIF(AG74:AG78,">1") | AP84: > | AQ84: =COUNTIF(AQ74:AQ78,">1") | AR84: =COUNTIF(AR74:AR78,">1") | AS84: =COUNTIF(AS74:AS78,">1") | AT84: =COUNTIF(AT74:AT78,">1") | AU84: =COUNTIF(AU74:AU78,">1") | AV84: =COUNTIF(AV74:AV78,">1")

Sheet Gara_5
U1: =IF($A$1="","",$A$1) | AJ1: =IF($A$1="","",$A$1) | AZ1: =IF($A$1="","",$A$1)
S2: ---
W3: RIASSUNTO SCALARE DEI PUNTI FATTI | AL3: RIASSUNTO SCALARE DEI PUNTI SUBITI | BB3: TOTALI E RELATIVI GRAFICI
A6: SET I | BA6: TPF | BB6: =AA15+AA27+AA39+AA51+AA63 | BD6: FATTI | BJ6: TPS | BK6: =AP15+AP27+AP39+AP51+AP63 | BM6: SUBITI
U7: =IF($B8="","",$B8) | V7: =IF(U7="","",IF(U7=1,6,U7-1)) | W7: =IF(V7="","",IF(V7=1,6,V7-1)) | X7: =IF(W7="","",IF(W7=1,6,W7-1)) | Y7: =IF(X7="","",IF(X7=1,6,X7-1)) | Z7: =IF(Y7="","",IF(Y7=1,6,Y7-1)) | AA7: P | AB7: SET I | AD7: =IF(D9="","",MAX(D9:I14)) | AJ7: =IF($B8="","",$B8) | AK7: =IF(AJ7="","",IF(AJ7=1,6,AJ7-1)) | AL7: =IF(AK7="","",IF(AK7=1,6,AK7-1)) | AM7: =IF(AL7="","",IF(AL7=1,6,AL7-1)) | AN7: =IF(AM7="","",IF(AM7=1,6,AM7-1)) | AO7: =IF(AN7="","",IF(AN7=1,6,AN7-1)) | AP7: P | AQ7: SET I | AS7: =IF(L9="","",MAX(L9:Q14)) | AZ7: P | BA7: 1 | BB7: 2 | BC7: 3 | BD7: 4 | BE7: 5 | BF7: 6 | BI7: P | BJ7: 1 | BK7: 2 | BL7: 3 | BM7: 4 | BN7: 5 | BO7: 6
A8: P | D8: I | E8: II | F8: III | G8: IV | H8: V | I8: VI | L8: I | M8: II | N8: III | O8: IV | P8: V | Q8: VI | U8: I | V8: II | W8: III | X8: IV | Y8: V | Z8: VI | AA8: TR | AJ8: I | AK8: II | AL8: III | AM8: IV | AN8: V | AO8: VI | AP8: TR | AZ8: TT | BA8: =U79 | BB8: =V79 | BC8: =W79 | BD8: =X79 | BE8: =Y79 | BF8: =Z79 | BI8: TT | BJ8: =AJ79 | BK8: =AK79 | BL8: =AL79 | BM8: =AM79 | BN8: =AN79 | BO8: =AO79
U9: =IF(D9="","",IF(UPPER(D9)="X","",D9)) | V9: =IF(E9="","",IF(UPPER(D9)="X",E9-1,E9-D9-1)) | W9: =IF(F9="","",F9-E9-1) | X9: =IF(G9="","",G9-F9-1) | Y9: =IF(H9="","",H9-G9-1) | Z9: =IF(I9="","",I9-H9-1) | AA9: =SUM(U9:Z9) | AJ9: =IF(L9="","",IF(UPPER(L9)="X","",L9)) | AK9: =IF(M9="","",IF(UPPER(L9)="X",M9-1,M9-L9-1)) | AL9: =IF(N9="","",N9-M9-1) | AM9: =IF(O9="","",O9-N9-1) | AN9: =IF(P9="","",P9-O9-1) | AO9: =IF(Q9="","",Q9-P9-1) | AP9: =SUM(AJ9:AO9) | AZ9: TP | BA9: =AB79 | BB9: =AC79 | BC9: =AD79 | BD9: =AE79 | BE9: =AF79 | BF9: =AG79 | BI9: TP | BJ9: =AQ79 | BK9: =AR79 | BL9: =AS79 | BM9: =AT79 | BN9: =AU79 | BO9: =AV79
U10: =IF(D10="","",D10-I9-1) | V10: =IF(E10="","",E10-D10-1) | W10: =IF(F10="","",F10-E10-1) | X10: =IF(G10="","",G10-F10-1) | Y10: =IF(H10="","",H10-G10-1) | Z10: =IF(I10="","",I10-H10-1) | AA10: =SUM(U10:Z10) | AJ10: =IF(L10="","",L10-Q9-1) | AK10: =IF(M10="","",M10-L10-1) | AL10: =IF(N10="","",N10-M10-1) | AM10: =IF(O10="","",O10-N10-1) | AN10: =IF(P10="","",P10-O10-1) | AO10: =IF(Q10="","",Q10-P10-1) | AP10: =SUM(AJ10:AO10) | AZ10: MP | BA10: =IF(BA8=0,0,BA9/BA8) | BB10: =IF(BB8=0,0,BB9/BB8) | BC10: =IF(BC8=0,0,BC9/BC8) | BD10: =IF(BD8=0,0,BD9/BD8) | BE10: =IF(BE8=0,0,BE9/BE8) | BF10: =IF(BF8=0,0,BF9/BF8) | BI10: MP | BJ10: =IF(BJ8=0,0,BJ9/BJ8) | BK10: =IF(BK8=0,0,BK9/BK8) | BL10: =IF(BL8=0,0,BL9/BL8) | BM10: =IF(BM8=0,0,BM9/BM8) | BN10: =IF(BN8=0,0,BN9/BN8) | BO10: =IF(BO8=0,0,BO9/BO8)
U11: =IF(D11="","",D11-I10-1) | V11: =IF(E11="","",E11-D11-1) | W11: =IF(F11="","",F11-E11-1) | X11: =IF(G11="","",G11-F11-1) | Y11: =IF(H11="","",H11-G11-1) | Z11: =IF(I11="","",I11-H11-1) | AA11: =SUM(U11:Z11) | AJ11: =IF(L11="","",L11-Q10-1) | AK11: =IF(M11="","",M11-L11-1) | AL11: =IF(N11="","",N11-M11-1) | AM11: =IF(O11="","",O11-N11-1) | AN11: =IF(P11="","",P11-O11-1) | AO11: =IF(Q11="","",Q11-P11-1) | AP11: =SUM(AJ11:AO11) | AZ11: %PT | BA11: =IF($BB$6=0,0,(BA9/$BB$6)*100) | BB11: =IF($BB$6=0,0,(BB9/$BB$6)*100) | BC11: =IF($BB$6=0,0,(BC9/$BB$6)*100) | BD11: =IF($BB$6=0,0,(BD9/$BB$6)*100) | BE11: =IF($BB$6=0,0,(BE9/$BB$6)*100) | BF11: =IF($BB$6=0,0,(BF9/$BB$6)*100) | BI11: %PT | BJ11: =IF($BK$6=0,0,(BJ9/$BB$6)*100) | BK11: =IF($BK$6=0,0,(BK9/$BB$6)*100) | BL11: =IF($BK$6=0,0,(BL9/$BB$6)*100) | BM11: =IF($BK$6=0,0,(BM9/$BB$6)*100) | BN11: =IF($BK$6=0,0,(BN9/$BB$6)*100) | BO11: =IF($BK$6=0,0,(BO9/$BB$6)*100)
U12: =IF(D12="","",D12-I11-1) | V12: =IF(E12="","",E12-D12-1) | W12: =IF(F12="","",F12-E12-1) | X12: =IF(G12="","",G12-F12-1) | Y12: =IF(H12="","",H12-G12-1) | Z12: =IF(I12="","",I12-H12-1) | AA12: =SUM(U12:Z12) | AJ12: =IF(L12="","",L12-Q11-1) | AK12: =IF(M12="","",M12-L12-1) | AL12: =IF(N12="","",N12-M12-1) | AM12: =IF(O12="","",O12-N12-1) | AN12: =IF(P12="","",P12-O12-1) | AO12: =IF(Q12="","",Q12-P12-1) | AP12: =SUM(AJ12:AO12) | AZ12: %=0 | BA12: =IF(BA$8=0,0,(AB82/BA$8)*100) | BB12: =IF(BB$8=0,0,(AC82/BB$8)*100) | BC12: =IF(BC$8=0,0,(AD82/BC$8)*100) | BD12: =IF(BD$8=0,0,(AE82/BD$8)*100) | BE12: =IF(BE$8=0,0,(AF82/BE$8)*100) | BF12: =IF(BF$8=0,0,(AG82/BF$8)*100) | BI12: %=0 | BJ12: =IF(BJ$8=0,0,(AQ82/BJ$8)*100) | BK12: =IF(BK$8=0,0,(AR82/BK$8)*100) | BL12: =IF(BL$8=0,0,(AS82/BL$8)*100) | BM12: =IF(BM$8=0,0,(AT82/BM$8)*100) | BN12: =IF(BN$8=0,0,(AU82/BN$8)*100) | BO12: =IF(BO$8=0,0,(AV82/BO$8)*100)
U13: =IF(D13="","",D13-I12-1) | V13: =IF(E13="","",E13-D13-1) | W13: =IF(F13="","",F13-E13-1) | X13: =IF(G13="","",G13-F13-1) | Y13: =IF(H13="","",H13-G13-1) | Z13: =IF(I13="","",I13-H13-1) | AA13: =SUM(U13:Z13) | AJ13: =IF(L13="","",L13-Q12-1) | AK13: =IF(M13="","",M13-L13-1) | AL13: =IF(N13="","",N13-M13-1) | AM13: =IF(O13="","",O13-N13-1) | AN13: =IF(P13="","",P13-O13-1) | AO13: =IF(Q13="","",Q13-P13-1) | AP13: =SUM(AJ13:AO13) | AZ13: %>0 | BA13: =IF(BA$8=0,0,(AB83/BA$8)*100) | BB13: =IF(BB$8=0,0,(AC83/BB$8)*100) | BC13: =IF(BC$8=0,0,(AD83/BC$8)*100) | BD13: =IF(BD$8=0,0,(AE83/BD$8)*100) | BE13: =IF(BE$8=0,0,(AF83/BE$8)*100) | BF13: =IF(BF$8=0,0,(AG83/BF$8)*100) | BI13: %>0 | BJ13: =IF(BJ$8=0,0,(AQ83/BJ$8)*100) | BK13: =IF(BK$8=0,0,(AR83/BK$8)*100) | BL13: =IF(BL$8=0,0,(AS83/BL$8)*100) | BM13: =IF(BM$8=0,0,(AT83/BM$8)*100) | BN13: =IF(BN$8=0,0,(AU83/BN$8)*100) | BO13: =IF(BO$8=0,0,(AV83/BO$8)*100)
U14: =IF(D14="","",D14-I13-1) | V14: =IF(E14="","",E14-D14-1) | W14: =IF(F14="","",F14-E14-1) | X14: =IF(G14="","",G14-F14-1) | Y14: =IF(H14="","",H14-G14-1) | Z14: =IF(I14="","",I14-H14-1) | AA14: =SUM(U14:Z14) | AJ14: =IF(L14="","",L14-Q13-1) | AK14: =IF(M14="","",M14-L14-1) | AL14: =IF(N14="","",N14-M14-1) | AM14: =IF(O14="","",O14-N14-1) | AN14: =IF(P14="","",P14-O14-1) | AO14: =IF(Q14="","",Q14-P14-1) | AP14: =SUM(AJ14:AO14) | AZ14: %>1 | BA14: =IF(BA$8=0,0,(AB84/BA$8)*100) | BB14: =IF(BB$8=0,0,(AC84/BB$8)*100) | BC14: =IF(BC$8=0,0,(AD84/BC$8)*100) | BD14: =IF(BD$8=0,0,(AE84/BD$8)*100) | BE14: =IF(BE$8=0,0,(AF84/BE$8)*100) | BF14: =IF(BF$8=0,0,(AG84/BF$8)*100) | BI14: %>1 | BJ14: =IF(BJ$8=0,0,(AQ84/BJ$8)*100) | BK14: =IF(BK$8=0,0,(AR84/BK$8)*100) | BL14: =IF(BL$8=0,0,(AS84/BL$8)*100) | BM14: =IF(BM$8=0,0,(AT84/BM$8)*100) | BN14: =IF(BN$8=0,0,(AU84/BN$8)*100) | BO14: =IF(BO$8=0,0,(AV84/BO$8)*100)
U15: =COUNTIF(U9:U14,">=0") | V15: =COUNTIF(V9:V14,">=0") | W15: =COUNTIF(W9:W14,">=0") | X15: =COUNTIF(X9:X14,">=0") | Y15: =COUNTIF(Y9:Y14,">=0") | Z15: =COUNTIF(Z9:Z14,">=0") | AA15: =SUM(AA9:AA14) | AB15: =IF(OR(AD7=0,AD7=""),"",(AA15/AD7)*100) | AJ15: =COUNTIF(AJ9:AJ14,">=0") | AK15: =COUNTIF(AK9:AK14,">=0") | AL15: =COUNTIF(AL9:AL14,">=0") | AM15: =COUNTIF(AM9:AM14,">=0") | AN15: =COUNTIF(AN9:AN14,">=0") | AO15: =COUNTIF(AO9:AO14,">=0") | AP15: =SUM(AP9:AP14) | AQ15: =IF(OR(AS7=0,AS7=""),"",(AP15/AS7)*100)
U16: =SUM(U9:U14) | V16: =SUM(V9:V14) | W16: =SUM(W9:W14) | X16: =SUM(X9:X14) | Y16: =SUM(Y9:Y14) | Z16: =SUM(Z9:Z14) | AJ16: =SUM(AJ9:AJ14) | AK16: =SUM(AK9:AK14) | AL16: =SUM(AL9:AL14) | AM16: =SUM(AM9:AM14) | AN16: =SUM(AN9:AN14) | AO16: =SUM(AO9:AO14)
U17: =IF($AA15=0,0,(U16/$AA15)*100) | V17: =IF($AA15=0,0,(V16/$AA15)*100) | W17: =IF($AA15=0,0,(W16/$AA15)*100) | X17: =IF($AA15=0,0,(X16/$AA15)*100) | Y17: =IF($AA15=0,0,(Y16/$AA15)*100) | Z17: =IF($AA15=0,0,(Z16/$AA15)*100) | AA17: PR% | AJ17: =IF($AP15=0,0,(AJ16/$AP15)*100) | AK17: =IF($AP15=0,0,(AK16/$AP15)*100) | AL17: =IF($AP15=0,0,(AL16/$AP15)*100) | AM17: =IF($AP15=0,0,(AM16/$AP15)*100) | AN17: =IF($AP15=0,0,(AN16/$AP15)*100) | AO17: =IF($AP15=0,0,(AO16/$AP15)*100) | AP17: PR%
A18: SET II
D19: =IF($D$7="","",$D$7) | L19: =IF($L$7="","",$L$7) | U19: =IF($B20="","",$B20) | V19: =IF(U19="","",IF(U19=1,6,U19-1)) | W19: =IF(V19="","",IF(V19=1,6,V19-1)) | X19: =IF(W19="","",IF(W19=1,6,W19-1)) | Y19: =IF(X19="","",IF(X19=1,6,X19-1)) | Z19: =IF(Y19="","",IF(Y19=1,6,Y19-1)) | AA19: P | AB19: SET II | AD19: =IF(D21="","",MAX(D21:I26)) | AJ19: =IF($B20="","",$B20) | AK19: =IF(AJ19="","",IF(AJ19=1,6,AJ19-1)) | AL19: =IF(AK19="","",IF(AK19=1,6,AK19-1)) | AM19: =IF(AL19="","",IF(AL19=1,6,AL19-1)) | AN19: =IF(AM19="","",IF(AM19=1,6,AM19-1)) | AO19: =IF(AN19="","",IF(AN19=1,6,AN19-1)) | AP19: P | AQ19: SET II | AS19: =IF(L21="","",MAX(L21:Q26))
A20: P | D20: I | E20: II | F20: III | G20: IV | H20: V | I20: VI | L20: I | M20: II | N20: III | O20: IV | P20: V | Q20: VI | U20: I | V20: II | W20: III | X20: IV | Y20: V | Z20: VI | AA20: TR | AJ20: I | AK20: II | AL20: III | AM20: IV | AN20: V | AO20: VI | AP20: TR
U21: =IF(D21="","",IF(UPPER(D21)="X","",D21)) | V21: =IF(E21="","",IF(UPPER(D21)="X",E21-1,E21-D21-1)) | W21: =IF(F21="","",F21-E21-1) | X21: =IF(G21="","",G21-F21-1) | Y21: =IF(H21="","",H21-G21-1) | Z21: =IF(I21="","",I21-H21-1) | AA21: =SUM(U21:Z21) | AJ21: =IF(L21="","",IF(UPPER(L21)="X","",L21)) | AK21: =IF(M21="","",IF(UPPER(L21)="X",M21-1,M21-L21-1)) | AL21: =IF(N21="","",N21-M21-1) | AM21: =IF(O21="","",O21-N21-1) | AN21: =IF(P21="","",P21-O21-1) | AO21: =IF(Q21="","",Q21-P21-1) | AP21: =SUM(AJ21:AO21)
U22: =IF(D22="","",D22-I21-1) | V22: =IF(E22="","",E22-D22-1) | W22: =IF(F22="","",F22-E22-1) | X22: =IF(G22="","",G22-F22-1) | Y22: =IF(H22="","",H22-G22-1) | Z22: =IF(I22="","",I22-H22-1) | AA22: =SUM(U22:Z22) | AJ22: =IF(L22="","",L22-Q21-1) | AK22: =IF(M22="","",M22-L22-1) | AL22: =IF(N22="","",N22-M22-1) | AM22: =IF(O22="","",O22-N22-1) | AN22: =IF(P22="","",P22-O22-1) | AO22: =IF(Q22="","",Q22-P22-1) | AP22: =SUM(AJ22:AO22)
U23: =IF(D23="","",D23-I22-1) | V23: =IF(E23="","",E23-D23-1) | W23: =IF(F23="","",F23-E23-1) | X23: =IF(G23="","",G23-F23-1) | Y23: =IF(H23="","",H23-G23-1) | Z23: =IF(I23="","",I23-H23-1) | AA23: =SUM(U23:Z23) | AJ23: =IF(L23="","",L23-Q22-1) | AK23: =IF(M23="","",M23-L23-1) | AL23: =IF(N23="","",N23-M23-1) | AM23: =IF(O23="","",O23-N23-1) | AN23: =IF(P23="","",P23-O23-1) | AO23: =IF(Q23="","",Q23-P23-1) | AP23: =SUM(AJ23:AO23)
U24: =IF(D24="","",D24-I23-1) | V24: =IF(E24="","",E24-D24-1) | W24: =IF(F24="","",F24-E24-1) | X24: =IF(G24="","",G24-F24-1) | Y24: =IF(H24="","",H24-G24-1) | Z24: =IF(I24="","",I24-H24-1) | AA24: =SUM(U24:Z24) | AJ24: =IF(L24="","",L24-Q23-1) | AK24: =IF(M24="","",M24-L24-1) | AL24: =IF(N24="","",N24-M24-1) | AM24: =IF(O24="","",O24-N24-1) | AN24: =IF(P24="","",P24-O24-1) | AO24: =IF(Q24="","",Q24-P24-1) | AP24: =SUM(AJ24:AO24)
U25: =IF(D25="","",D25-I24-1) | V25: =IF(E25="","",E25-D25-1) | W25: =IF(F25="","",F25-E25-1) | X25: =IF(G25="","",G25-F25-1) | Y25: =IF(H25="","",H25-G25-1) | Z25: =IF(I25="","",I25-H25-1) | AA25: =SUM(U25:Z25) | AJ25: =IF(L25="","",L25-Q24-1) | AK25: =IF(M25="","",M25-L25-1) | AL25: =IF(N25="","",N25-M25-1) | AM25: =IF(O25="","",O25-N25-1) | AN25: =IF(P25="","",P25-O25-1) | AO25: =IF(Q25="","",Q25-P25-1) | AP25: =SUM(AJ25:AO25)
U26: =IF(D26="","",D26-I25-1) | V26: =IF(E26="","",E26-D26-1) | W26: =IF(F26="","",F26-E26-1) | X26: =IF(G26="","",G26-F26-1) | Y26: =IF(H26="","",H26-G26-1) | Z26: =IF(I26="","",I26-H26-1) | AA26: =SUM(U26:Z26) | AJ26: =IF(L26="","",L26-Q25-1) | AK26: =IF(M26="","",M26-L26-1) | AL26: =IF(N26="","",N26-M26-1) | AM26: =IF(O26="","",O26-N26-1) | AN26: =IF(P26="","",P26-O26-1) | AO26: =IF(Q26="","",Q26-P26-1) | AP26: =SUM(AJ26:AO26)
U27: =COUNTIF(U21:U26,">=0") | V27: =COUNTIF(V21:V26,">=0") | W27: =COUNTIF(W21:W26,">=0") | X27: =COUNTIF(X21:X26,">=0") | Y27: =COUNTIF(Y21:Y26,">=0") | Z27: =COUNTIF(Z21:Z26,">=0") | AA27: =SUM(AA21:AA26) | AB27: =IF(OR(AD19=0,AD19=""),"",(AA27/AD19)*100) | AJ27: =COUNTIF(AJ21:AJ26,">=0") | AK27: =COUNTIF(AK21:AK26,">=0") | AL27: =COUNTIF(AL21:AL26,">=0") | AM27: =COUNTIF(AM21:AM26,">=0") | AN27: =COUNTIF(AN21:AN26,">=0") | AO27: =COUNTIF(AO21:AO26,">=0") | AP27: =SUM(AP21:AP26) | AQ27: =IF(OR(AS19=0,AS19=""),"",(AP27/AS19)*100)
U28: =SUM(U21:U26) | V28: =SUM(V21:V26) | W28: =SUM(W21:W26) | X28: =SUM(X21:X26) | Y28: =SUM(Y21:Y26) | Z28: =SUM(Z21:Z26) | AJ28: =SUM(AJ21:AJ26) | AK28: =SUM(AK21:AK26) | AL28: =SUM(AL21:AL26) | AM28: =SUM(AM21:AM26) | AN28: =SUM(AN21:AN26) | AO28: =SUM(AO21:AO26)
U29: =IF($AA27=0,0,(U28/$AA27)*100) | V29: =IF($AA27=0,0,(V28/$AA27)*100) | W29: =IF($AA27=0,0,(W28/$AA27)*100) | X29: =IF($AA27=0,0,(X28/$AA27)*100) | Y29: =IF($AA27=0,0,(Y28/$AA27)*100) | Z29: =IF($AA27=0,0,(Z28/$AA27)*100) | AA29: PR% | AJ29: =IF($AP27=0,0,(AJ28/$AP27)*100) | AK29: =IF($AP27=0,0,(AK28/$AP27)*100) | AL29: =IF($AP27=0,0,(AL28/$AP27)*100) | AM29: =IF($AP27=0,0,(AM28/$AP27)*100) | AN29: =IF($AP27=0,0,(AN28/$AP27)*100) | AO29: =IF($AP27=0,0,(AO28/$AP27)*100) | AP29: PR%
A30: SET III
D31: =D19 | L31: =L19 | U31: =IF($B32="","",$B32) | V31: =IF(U31="","",IF(U31=1,6,U31-1)) | W31: =IF(V31="","",IF(V31=1,6,V31-1)) | X31: =IF(W31="","",IF(W31=1,6,W31-1)) | Y31: =IF(X31="","",IF(X31=1,6,X31-1)) | Z31: =IF(Y31="","",IF(Y31=1,6,Y31-1)) | AA31: P | AB31: SET III | AD31: =IF(D33="","",MAX(D33:I38)) | AJ31: =IF($B32="","",$B32) | AK31: =IF(AJ31="","",IF(AJ31=1,6,AJ31-1)) | AL31: =IF(AK31="","",IF(AK31=1,6,AK31-1)) | AM31: =IF(AL31="","",IF(AL31=1,6,AL31-1)) | AN31: =IF(AM31="","",IF(AM31=1,6,AM31-1)) | AO31: =IF(AN31="","",IF(AN31=1,6,AN31-1)) | AP31: P | AQ31: SET III | AS31: =IF(L33="","",MAX(L33:Q38))
A32: P | D32: I | E32: II | F32: III | G32: IV | H32: V | I32: VI | L32: I | M32: II | N32: III | O32: IV | P32: V | Q32: VI | U32: I | V32: II | W32: III | X32: IV | Y32: V | Z32: VI | AA32: TR | AJ32: I | AK32: II | AL32: III | AM32: IV | AN32: V | AO32: VI | AP32: TR
U33: =IF(D33="","",IF(UPPER(D33)="X","",D33)) | V33: =IF(E33="","",IF(UPPER(D33)="X",E33-1,E33-D33-1)) | W33: =IF(F33="","",F33-E33-1) | X33: =IF(G33="","",G33-F33-1) | Y33: =IF(H33="","",H33-G33-1) | Z33: =IF(I33="","",I33-H33-1) | AA33: =SUM(U33:Z33) | AJ33: =IF(L33="","",IF(UPPER(L33)="X","",L33)) | AK33: =IF(M33="","",IF(UPPER(L33)="X",M33-1,M33-L33-1)) | AL33: =IF(N33="","",N33-M33-1) | AM33: =IF(O33="","",O33-N33-1) | AN33: =IF(P33="","",P33-O33-1) | AO33: =IF(Q33="","",Q33-P33-1) | AP33: =SUM(AJ33:AO33)
U34: =IF(D34="","",D34-I33-1) | V34: =IF(E34="","",E34-D34-1) | W34: =IF(F34="","",F34-E34-1) | X34: =IF(G34="","",G34-F34-1) | Y34: =IF(H34="","",H34-G34-1) | Z34: =IF(I34="","",I34-H34-1) | AA34: =SUM(U34:Z34) | AJ34: =IF(L34="","",L34-Q33-1) | AK34: =IF(M34="","",M34-L34-1) | AL34: =IF(N34="","",N34-M34-1) | AM34: =IF(O34="","",O34-N34-1) | AN34: =IF(P34="","",P34-O34-1) | AO34: =IF(Q34="","",Q34-P34-1) | AP34: =SUM(AJ34:AO34)
U35: =IF(D35="","",D35-I34-1) | V35: =IF(E35="","",E35-D35-1) | W35: =IF(F35="","",F35-E35-1) | X35: =IF(G35="","",G35-F35-1) | Y35: =IF(H35="","",H35-G35-1) | Z35: =IF(I35="","",I35-H35-1) | AA35: =SUM(U35:Z35) | AJ35: =IF(L35="","",L35-Q34-1) | AK35: =IF(M35="","",M35-L35-1) | AL35: =IF(N35="","",N35-M35-1) | AM35: =IF(O35="","",O35-N35-1) | AN35: =IF(P35="","",P35-O35-1) | AO35: =IF(Q35="","",Q35-P35-1) | AP35: =SUM(AJ35:AO35)
U36: =IF(D36="","",D36-I35-1) | V36: =IF(E36="","",E36-D36-1) | W36: =IF(F36="","",F36-E36-1) | X36: =IF(G36="","",G36-F36-1) | Y36: =IF(H36="","",H36-G36-1) | Z36: =IF(I36="","",I36-H36-1) | AA36: =SUM(U36:Z36) | AJ36: =IF(L36="","",L36-Q35-1) | AK36: =IF(M36="","",M36-L36-1) | AL36: =IF(N36="","",N36-M36-1) | AM36: =IF(O36="","",O36-N36-1) | AN36: =IF(P36="","",P36-O36-1) | AO36: =IF(Q36="","",Q36-P36-1) | AP36: =SUM(AJ36:AO36)
U37: =IF(D37="","",D37-I36-1) | V37: =IF(E37="","",E37-D37-1) | W37: =IF(F37="","",F37-E37-1) | X37: =IF(G37="","",G37-F37-1) | Y37: =IF(H37="","",H37-G37-1) | Z37: =IF(I37="","",I37-H37-1) | AA37: =SUM(U37:Z37) | AJ37: =IF(L37="","",L37-Q36-1) | AK37: =IF(M37="","",M37-L37-1) | AL37: =IF(N37="","",N37-M37-1) | AM37: =IF(O37="","",O37-N37-1) | AN37: =IF(P37="","",P37-O37-1) | AO37: =IF(Q37="","",Q37-P37-1) | AP37: =SUM(AJ37:AO37)
U38: =IF(D38="","",D38-I37-1) | V38: =IF(E38="","",E38-D38-1) | W38: =IF(F38="","",F38-E38-1) | X38: =IF(G38="","",G38-F38-1) | Y38: =IF(H38="","",H38-G38-1) | Z38: =IF(I38="","",I38-H38-1) | AA38: =SUM(U38:Z38) | AJ38: =IF(L38="","",L38-Q37-1) | AK38: =IF(M38="","",M38-L38-1) | AL38: =IF(N38="","",N38-M38-1) | AM38: =IF(O38="","",O38-N38-1) | AN38: =IF(P38="","",P38-O38-1) | AO38: =IF(Q38="","",Q38-P38-1) | AP38: =SUM(AJ38:AO38)
U39: =COUNTIF(U33:U38,">=0") | V39: =COUNTIF(V33:V38,">=0") | W39: =COUNTIF(W33:W38,">=0") | X39: =COUNTIF(X33:X38,">=0") | Y39: =COUNTIF(Y33:Y38,">=0") | Z39: =COUNTIF(Z33:Z38,">=0") | AA39: =SUM(AA33:AA38) | AB39: =IF(OR(AD31=0,AD31=""),"",(AA39/AD31)*100) | AJ39: =COUNTIF(AJ33:AJ38,">=0") | AK39: =COUNTIF(AK33:AK38,">=0") | AL39: =COUNTIF(AL33:AL38,">=0") | AM39: =COUNTIF(AM33:AM38,">=0") | AN39: =COUNTIF(AN33:AN38,">=0") | AO39: =COUNTIF(AO33:AO38,">=0") | AP39: =SUM(AP33:AP38) | AQ39: =IF(OR(AS31=0,AS31=""),"",(AP39/AS31)*100)
U40: =SUM(U33:U38) | V40: =SUM(V33:V38) | W40: =SUM(W33:W38) | X40: =SUM(X33:X38) | Y40: =SUM(Y33:Y38) | Z40: =SUM(Z33:Z38) | AJ40: =SUM(AJ33:AJ38) | AK40: =SUM(AK33:AK38) | AL40: =SUM(AL33:AL38) | AM40: =SUM(AM33:AM38) | AN40: =SUM(AN33:AN38) | AO40: =SUM(AO33:AO38)
U41: =IF($AA39=0,0,(U40/$AA39)*100) | V41: =IF($AA39=0,0,(V40/$AA39)*100) | W41: =IF($AA39=0,0,(W40/$AA39)*100) | X41: =IF($AA39=0,0,(X40/$AA39)*100) | Y41: =IF($AA39=0,0,(Y40/$AA39)*100) | Z41: =IF($AA39=0,0,(Z40/$AA39)*100) | AA41: PR% | AJ41: =IF($AP39=0,0,(AJ40/$AP39)*100) | AK41: =IF($AP39=0,0,(AK40/$AP39)*100) | AL41: =IF($AP39=0,0,(AL40/$AP39)*100) | AM41: =IF($AP39=0,0,(AM40/$AP39)*100) | AN41: =IF($AP39=0,0,(AN40/$AP39)*100) | AO41: =IF($AP39=0,0,(AO40/$AP39)*100) | AP41: PR%
A42: SET IV
D43: =D31 | L43: =L31 | U43: =IF($B44="","",$B44) | V43: =IF(U43="","",IF(U43=1,6,U43-1)) | W43: =IF(V43="","",IF(V43=1,6,V43-1)) | X43: =IF(W43="","",IF(W43=1,6,W43-1)) | Y43: =IF(X43="","",IF(X43=1,6,X43-1)) | Z43: =IF(Y43="","",IF(Y43=1,6,Y43-1)) | AA43: P | AB43: SET IV | AD43: =IF(D45="","",MAX(D45:I50)) | AJ43: =IF($B44="","",$B44) | AK43: =IF(AJ43="","",IF(AJ43=1,6,AJ43-1)) | AL43: =IF(AK43="","",IF(AK43=1,6,AK43-1)) | AM43: =IF(AL43="","",IF(AL43=1,6,AL43-1)) | AN43: =IF(AM43="","",IF(AM43=1,6,AM43-1)) | AO43: =IF(AN43="","",IF(AN43=1,6,AN43-1)) | AP43: P | AQ43: SET IV | AS43: =IF(L45="","",MAX(L45:Q50))
A44: P | D44: I | E44: II | F44: III | G44: IV | H44: V | I44: VI | L44: I | M44: II | N44: III | O44: IV | P44: V | Q44: VI | U44: I | V44: II | W44: III | X44: IV | Y44: V | Z44: VI | AA44: TR | AJ44: I | AK44: II | AL44: III | AM44: IV | AN44: V | AO44: VI | AP44: TR
U45: =IF(D45="","",IF(UPPER(D45)="X","",D45)) | V45: =IF(E45="","",IF(UPPER(D45)="X",E45-1,E45-D45-1)) | W45: =IF(F45="","",F45-E45-1) | X45: =IF(G45="","",G45-F45-1) | Y45: =IF(H45="","",H45-G45-1) | Z45: =IF(I45="","",I45-H45-1) | AA45: =SUM(U45:Z45) | AJ45: =IF(L45="","",IF(UPPER(L45)="X","",L45)) | AK45: =IF(M45="","",IF(UPPER(L45)="X",M45-1,M45-L45-1)) | AL45: =IF(N45="","",N45-M45-1) | AM45: =IF(O45="","",O45-N45-1) | AN45: =IF(P45="","",P45-O45-1) | AO45: =IF(Q45="","",Q45-P45-1) | AP45: =SUM(AJ45:AO45)
U46: =IF(D46="","",D46-I45-1) | V46: =IF(E46="","",E46-D46-1) | W46: =IF(F46="","",F46-E46-1) | X46: =IF(G46="","",G46-F46-1) | Y46: =IF(H46="","",H46-G46-1) | Z46: =IF(I46="","",I46-H46-1) | AA46: =SUM(U46:Z46) | AJ46: =IF(L46="","",L46-Q45-1) | AK46: =IF(M46="","",M46-L46-1) | AL46: =IF(N46="","",N46-M46-1) | AM46: =IF(O46="","",O46-N46-1) | AN46: =IF(P46="","",P46-O46-1) | AO46: =IF(Q46="","",Q46-P46-1) | AP46: =SUM(AJ46:AO46)
U47: =IF(D47="","",D47-I46-1) | V47: =IF(E47="","",E47-D47-1) | W47: =IF(F47="","",F47-E47-1) | X47: =IF(G47="","",G47-F47-1) | Y47: =IF(H47="","",H47-G47-1) | Z47: =IF(I47="","",I47-H47-1) | AA47: =SUM(U47:Z47) | AJ47: =IF(L47="","",L47-Q46-1) | AK47: =IF(M47="","",M47-L47-1) | AL47: =IF(N47="","",N47-M47-1) | AM47: =IF(O47="","",O47-N47-1) | AN47: =IF(P47="","",P47-O47-1) | AO47: =IF(Q47="","",Q47-P47-1) | AP47: =SUM(AJ47:AO47)
U48: =IF(D48="","",D48-I47-1) | V48: =IF(E48="","",E48-D48-1) | W48: =IF(F48="","",F48-E48-1) | X48: =IF(G48="","",G48-F48-1) | Y48: =IF(H48="","",H48-G48-1) | Z48: =IF(I48="","",I48-H48-1) | AA48: =SUM(U48:Z48) | AJ48: =IF(L48="","",L48-Q47-1) | AK48: =IF(M48="","",M48-L48-1) | AL48: =IF(N48="","",N48-M48-1) | AM48: =IF(O48="","",O48-N48-1) | AN48: =IF(P48="","",P48-O48-1) | AO48: =IF(Q48="","",Q48-P48-1) | AP48: =SUM(AJ48:AO48)
U49: =IF(D49="","",D49-I48-1) | V49: =IF(E49="","",E49-D49-1) | W49: =IF(F49="","",F49-E49-1) | X49: =IF(G49="","",G49-F49-1) | Y49: =IF(H49="","",H49-G49-1) | Z49: =IF(I49="","",I49-H49-1) | AA49: =SUM(U49:Z49) | AJ49: =IF(L49="","",L49-Q48-1) | AK49: =IF(M49="","",M49-L49-1) | AL49: =IF(N49="","",N49-M49-1) | AM49: =IF(O49="","",O49-N49-1) | AN49: =IF(P49="","",P49-O49-1) | AO49: =IF(Q49="","",Q49-P49-1) | AP49: =SUM(AJ49:AO49)
U50: =IF(D50="","",D50-I49-1) | V50: =IF(E50="","",E50-D50-1) | W50: =IF(F50="","",F50-E50-1) | X50: =IF(G50="","",G50-F50-1) | Y50: =IF(H50="","",H50-G50-1) | Z50: =IF(I50="","",I50-H50-1) | AA50: =SUM(U50:Z50) | AJ50: =IF(L50="","",L50-Q49-1) | AK50: =IF(M50="","",M50-L50-1) | AL50: =IF(N50="","",N50-M50-1) | AM50: =IF(O50="","",O50-N50-1) | AN50: =IF(P50="","",P50-O50-1) | AO50: =IF(Q50="","",Q50-P50-1) | AP50: =SUM(AJ50:AO50)
U51: =COUNTIF(U45:U50,">=0") | V51: =COUNTIF(V45:V50,">=0") | W51: =COUNTIF(W45:W50,">=0") | X51: =COUNTIF(X45:X50,">=0") | Y51: =COUNTIF(Y45:Y50,">=0") | Z51: =COUNTIF(Z45:Z50,">=0") | AA51: =SUM(AA45:AA50) | AB51: =IF(OR(AD43=0,AD43=""),"",(AA51/AD43)*100) | AJ51: =COUNTIF(AJ45:AJ50,">=0") | AK51: =COUNTIF(AK45:AK50,">=0") | AL51: =COUNTIF(AL45:AL50,">=0") | AM51: =COUNTIF(AM45:AM50,">=0") | AN51: =COUNTIF(AN45:AN50,">=0") | AO51: =COUNTIF(AO45:AO50,">=0") | AP51: =SUM(AP45:AP50) | AQ51: =IF(OR(AS43=0,AS43=""),"",(AP51/AS43)*100)
U52: =SUM(U45:U50) | V52: =SUM(V45:V50) | W52: =SUM(W45:W50) | X52: =SUM(X45:X50) | Y52: =SUM(Y45:Y50) | Z52: =SUM(Z45:Z50) | AJ52: =SUM(AJ45:AJ50) | AK52: =SUM(AK45:AK50) | AL52: =SUM(AL45:AL50) | AM52: =SUM(AM45:AM50) | AN52: =SUM(AN45:AN50) | AO52: =SUM(AO45:AO50)
U53: =IF($AA51=0,0,(U52/$AA51)*100) | V53: =IF($AA51=0,0,(V52/$AA51)*100) | W53: =IF($AA51=0,0,(W52/$AA51)*100) | X53: =IF($AA51=0,0,(X52/$AA51)*100) | Y53: =IF($AA51=0,0,(Y52/$AA51)*100) | Z53: =IF($AA51=0,0,(Z52/$AA51)*100) | AA53: PR% | AJ53: =IF($AP51=0,0,(AJ52/$AP51)*100) | AK53: =IF($AP51=0,0,(AK52/$AP51)*100) | AL53: =IF($AP51=0,0,(AL52/$AP51)*100) | AM53: =IF($AP51=0,0,(AM52/$AP51)*100) | AN53: =IF($AP51=0,0,(AN52/$AP51)*100) | AO53: =IF($AP51=0,0,(AO52/$AP51)*100) | AP53: PR%
A54: SET V
D55: =D43 | L55: =L43 | U55: =IF($B56="","",$B56) | V55: =IF(U55="","",IF(U55=1,6,U55-1)) | W55: =IF(V55="","",IF(V55=1,6,V55-1)) | X55: =IF(W55="","",IF(W55=1,6,W55-1)) | Y55: =IF(X55="","",IF(X55=1,6,X55-1)) | Z55: =IF(Y55="","",IF(Y55=1,6,Y55-1)) | AA55: P | AB55: SET V | AD55: =IF(D57="","",MAX(D57:I62)) | AJ55: =IF($B56="","",$B56) | AK55: =IF(AJ55="","",IF(AJ55=1,6,AJ55-1)) | AL55: =IF(AK55="","",IF(AK55=1,6,AK55-1)) | AM55: =IF(AL55="","",IF(AL55=1,6,AL55-1)) | AN55: =IF(AM55="","",IF(AM55=1,6,AM55-1)) | AO55: =IF(AN55="","",IF(AN55=1,6,AN55-1)) | AP55: P | AQ55: SET V | AS55: =IF(L57="","",MAX(L57:Q62))
A56: P | D56: I | E56: II | F56: III | G56: IV | H56: V | I56: VI | L56: I | M56: II | N56: III | O56: IV | P56: V | Q56: VI | U56: I | V56: II | W56: III | X56: IV | Y56: V | Z56: VI | AA56: TR | AJ56: I | AK56: II | AL56: III | AM56: IV | AN56: V | AO56: VI | AP56: TR
U57: =IF(D57="","",IF(UPPER(D57)="X","",D57)) | V57: =IF(E57="","",IF(UPPER(D57)="X",E57-1,E57-D57-1)) | W57: =IF(F57="","",F57-E57-1) | X57: =IF(G57="","",G57-F57-1) | Y57: =IF(H57="","",H57-G57-1) | Z57: =IF(I57="","",I57-H57-1) | AA57: =SUM(U57:Z57) | AJ57: =IF(L57="","",IF(UPPER(L57)="X","",L57)) | AK57: =IF(M57="","",IF(UPPER(L57)="X",M57-1,M57-L57-1)) | AL57: =IF(N57="","",N57-M57-1) | AM57: =IF(O57="","",O57-N57-1) | AN57: =IF(P57="","",P57-O57-1) | AO57: =IF(Q57="","",Q57-P57-1) | AP57: =SUM(AJ57:AO57)
U58: =IF(D58="","",D58-I57-1) | V58: =IF(E58="","",E58-D58-1) | W58: =IF(F58="","",F58-E58-1) | X58: =IF(G58="","",G58-F58-1) | Y58: =IF(H58="","",H58-G58-1) | Z58: =IF(I58="","",I58-H58-1) | AA58: =SUM(U58:Z58) | AJ58: =IF(L58="","",L58-Q57-1) | AK58: =IF(M58="","",M58-L58-1) | AL58: =IF(N58="","",N58-M58-1) | AM58: =IF(O58="","",O58-N58-1) | AN58: =IF(P58="","",P58-O58-1) | AO58: =IF(Q58="","",Q58-P58-1) | AP58: =SUM(AJ58:AO58)
U59: =IF(D59="","",D59-I58-1) | V59: =IF(E59="","",E59-D59-1) | W59: =IF(F59="","",F59-E59-1) | X59: =IF(G59="","",G59-F59-1) | Y59: =IF(H59="","",H59-G59-1) | Z59: =IF(I59="","",I59-H59-1) | AA59: =SUM(U59:Z59) | AJ59: =IF(L59="","",L59-Q58-1) | AK59: =IF(M59="","",M59-L59-1) | AL59: =IF(N59="","",N59-M59-1) | AM59: =IF(O59="","",O59-N59-1) | AN59: =IF(P59="","",P59-O59-1) | AO59: =IF(Q59="","",Q59-P59-1) | AP59: =SUM(AJ59:AO59)
U60: =IF(D60="","",D60-I59-1) | V60: =IF(E60="","",E60-D60-1) | W60: =IF(F60="","",F60-E60-1) | X60: =IF(G60="","",G60-F60-1) | Y60: =IF(H60="","",H60-G60-1) | Z60: =IF(I60="","",I60-H60-1) | AA60: =SUM(U60:Z60) | AJ60: =IF(L60="","",L60-Q59-1) | AK60: =IF(M60="","",M60-L60-1) | AL60: =IF(N60="","",N60-M60-1) | AM60: =IF(O60="","",O60-N60-1) | AN60: =IF(P60="","",P60-O60-1) | AO60: =IF(Q60="","",Q60-P60-1) | AP60: =SUM(AJ60:AO60)
U61: =IF(D61="","",D61-I60-1) | V61: =IF(E61="","",E61-D61-1) | W61: =IF(F61="","",F61-E61-1) | X61: =IF(G61="","",G61-F61-1) | Y61: =IF(H61="","",H61-G61-1) | Z61: =IF(I61="","",I61-H61-1) | AA61: =SUM(U61:Z61) | AJ61: =IF(L61="","",L61-Q60-1) | AK61: =IF(M61="","",M61-L61-1) | AL61: =IF(N61="","",N61-M61-1) | AM61: =IF(O61="","",O61-N61-1) | AN61: =IF(P61="","",P61-O61-1) | AO61: =IF(Q61="","",Q61-P61-1) | AP61: =SUM(AJ61:AO61)
U62: =IF(D62="","",D62-I61-1) | V62: =IF(E62="","",E62-D62-1) | W62: =IF(F62="","",F62-E62-1) | X62: =IF(G62="","",G62-F62-1) | Y62: =IF(H62="","",H62-G62-1) | Z62: =IF(I62="","",I62-H62-1) | AA62: =SUM(U62:Z62) | AJ62: =IF(L62="","",L62-Q61-1) | AK62: =IF(M62="","",M62-L62-1) | AL62: =IF(N62="","",N62-M62-1) | AM62: =IF(O62="","",O62-N62-1) | AN62: =IF(P62="","",P62-O62-1) | AO62: =IF(Q62="","",Q62-P62-1) | AP62: =SUM(AJ62:AO62)
U63: =COUNTIF(U57:U62,">=0") | V63: =COUNTIF(V57:V62,">=0") | W63: =COUNTIF(W57:W62,">=0") | X63: =COUNTIF(X57:X62,">=0") | Y63: =COUNTIF(Y57:Y62,">=0") | Z63: =COUNTIF(Z57:Z62,">=0") | AA63: =SUM(AA57:AA62) | AB63: =IF(OR(AD55=0,AD55=""),"",(AA63/AD55)*100) | AJ63: =COUNTIF(AJ57:AJ62,">=0") | AK63: =COUNTIF(AK57:AK62,">=0") | AL63: =COUNTIF(AL57:AL62,">=0") | AM63: =COUNTIF(AM57:AM62,">=0") | AN63: =COUNTIF(AN57:AN62,">=0") | AO63: =COUNTIF(AO57:AO62,">=0") | AP63: =SUM(AP57:AP62) | AQ63: =IF(OR(AS55=0,AS55=""),"",(AP63/AS55)*100)
U64: =SUM(U57:U62) | V64: =SUM(V57:V62) | W64: =SUM(W57:W62) | X64: =SUM(X57:X62) | Y64: =SUM(Y57:Y62) | Z64: =SUM(Z57:Z62) | AJ64: =SUM(AJ57:AJ62) | AK64: =SUM(AK57:AK62) | AL64: =SUM(AL57:AL62) | AM64: =SUM(AM57:AM62) | AN64: =SUM(AN57:AN62) | AO64: =SUM(AO57:AO62)
U65: =IF($AA63=0,0,(U64/$AA63)*100) | V65: =IF($AA63=0,0,(V64/$AA63)*100) | W65: =IF($AA63=0,0,(W64/$AA63)*100) | X65: =IF($AA63=0,0,(X64/$AA63)*100) | Y65: =IF($AA63=0,0,(Y64/$AA63)*100) | Z65: =IF($AA63=0,0,(Z64/$AA63)*100) | AA65: PR% | AJ65: =IF($AP63=0,0,(AJ64/$AP63)*100) | AK65: =IF($AP63=0,0,(AK64/$AP63)*100) | AL65: =IF($AP63=0,0,(AL64/$AP63)*100) | AM65: =IF($AP63=0,0,(AM64/$AP63)*100) | AN65: =IF($AP63=0,0,(AN64/$AP63)*100) | AO65: =IF($AP63=0,0,(AO64/$AP63)*100) | AP65: PR%
S72: SET | U72: TURNI PER ROTAZIONE | AB72: PUNTI PER ROTAZIONE | AI72: SET | AJ72: TURNI PER ROTAZIONE | AQ72: PUNTI PER ROTAZIONE | AX72: SET
U73: 1 | V73: 2 | W73: 3 | X73: 4 | Y73: 5 | Z73: 6 | AB73: 1 | AC73: 2 | AD73: 3 | AE73: 4 | AF73: 5 | AG73: 6 | AJ73: 1 | AK73: 2 | AL73: 3 | AM73: 4 | AN73: 5 | AO73: 6 | AQ73: 1 | AR73: 2 | AS73: 3 | AT73: 4 | AU73: 5 | AV73: 6
S74: I | U74: =IF($D$9="",0,HLOOKUP(U$73,$U$7:$Z$16,9,FALSE)) | V74: =IF($D$9="",0,HLOOKUP(V$73,$U$7:$Z$16,9,FALSE)) | W74: =IF($D$9="",0,HLOOKUP(W$73,$U$7:$Z$16,9,FALSE)) | X74: =IF($D$9="",0,HLOOKUP(X$73,$U$7:$Z$16,9,FALSE)) | Y74: =IF($D$9="",0,HLOOKUP(Y$73,$U$7:$Z$16,9,FALSE)) | Z74: =IF($D$9="",0,HLOOKUP(Z$73,$U$7:$Z$16,9,FALSE)) | AB74: =IF($D$9="",0,HLOOKUP(AB$73,$U$7:$Z$16,10,FALSE)) | AC74: =IF($D$9="",0,HLOOKUP(AC$73,$U$7:$Z$16,10,FALSE)) | AD74: =IF($D$9="",0,HLOOKUP(AD$73,$U$7:$Z$16,10,FALSE)) | AE74: =IF($D$9="",0,HLOOKUP(AE$73,$U$7:$Z$16,10,FALSE)) | AF74: =IF($D$9="",0,HLOOKUP(AF$73,$U$7:$Z$16,10,FALSE)) | AG74: =IF($D$9="",0,HLOOKUP(AG$73,$U$7:$Z$16,10,FALSE)) | AI74: I | AJ74: =IF($L$9="",0,HLOOKUP(AJ$73,$AJ$7:$AO$16,9,FALSE)) | AK74: =IF($L$9="",0,HLOOKUP(AK$73,$AJ$7:$AO$16,9,FALSE)) | AL74: =IF($L$9="",0,HLOOKUP(AL$73,$AJ$7:$AO$16,9,FALSE)) | AM74: =IF($L$9="",0,HLOOKUP(AM$73,$AJ$7:$AO$16,9,FALSE)) | AN74: =IF($L$9="",0,HLOOKUP(AN$73,$AJ$7:$AO$16,9,FALSE)) | AO74: =IF($L$9="",0,HLOOKUP(AO$73,$AJ$7:$AO$16,9,FALSE)) | AQ74: =IF($L$9="",0,HLOOKUP(AQ$73,$AJ$7:$AO$16,10,FALSE)) | AR74: =IF($L$9="",0,HLOOKUP(AR$73,$AJ$7:$AO$16,10,FALSE)) | AS74: =IF($L$9="",0,HLOOKUP(AS$73,$AJ$7:$AO$16,10,FALSE)) | AT74: =IF($L$9="",0,HLOOKUP(AT$73,$AJ$7:$AO$16,10,FALSE)) | AU74: =IF($L$9="",0,HLOOKUP(AU$73,$AJ$7:$AO$16,10,FALSE)) | AV74: =IF($L$9="",0,HLOOKUP(AV$73,$AJ$7:$AO$16,10,FALSE)) | AX74: I
S75: II | U75: =IF($D$21="",0,HLOOKUP(U$73,$U$19:$Z$28,9,FALSE)) | V75: =IF($D$21="",0,HLOOKUP(V$73,$U$19:$Z$28,9,FALSE)) | W75: =IF($D$21="",0,HLOOKUP(W$73,$U$19:$Z$28,9,FALSE)) | X75: =IF($D$21="",0,HLOOKUP(X$73,$U$19:$Z$28,9,FALSE)) | Y75: =IF($D$21="",0,HLOOKUP(Y$73,$U$19:$Z$28,9,FALSE)) | Z75: =IF($D$21="",0,HLOOKUP(Z$73,$U$19:$Z$28,9,FALSE)) | AB75: =IF($D$21="",0,HLOOKUP(AB$73,$U$19:$Z$28,10,FALSE)) | AC75: =IF($D$21="",0,HLOOKUP(AC$73,$U$19:$Z$28,10,FALSE)) | AD75: =IF($D$21="",0,HLOOKUP(AD$73,$U$19:$Z$28,10,FALSE)) | AE75: =IF($D$21="",0,HLOOKUP(AE$73,$U$19:$Z$28,10,FALSE)) | AF75: =IF($D$21="",0,HLOOKUP(AF$73,$U$19:$Z$28,10,FALSE)) | AG75: =IF($D$21="",0,HLOOKUP(AG$73,$U$19:$Z$28,10,FALSE)) | AI75: II | AJ75: =IF($L$21="",0,HLOOKUP(AJ$73,$AJ$19:$AO$28,9,FALSE)) | AK75: =IF($L$21="",0,HLOOKUP(AK$73,$AJ$19:$AO$28,9,FALSE)) | AL75: =IF($L$21="",0,HLOOKUP(AL$73,$AJ$19:$AO$28,9,FALSE)) | AM75: =IF($L$21="",0,HLOOKUP(AM$73,$AJ$19:$AO$28,9,FALSE)) | AN75: =IF($L$21="",0,HLOOKUP(AN$73,$AJ$19:$AO$28,9,FALSE)) | AO75: =IF($L$21="",0,HLOOKUP(AO$73,$AJ$19:$AO$28,9,FALSE)) | AQ75: =IF($L$21="",0,HLOOKUP(AQ$73,$AJ$19:$AO$28,10,FALSE)) | AR75: =IF($L$21="",0,HLOOKUP(AR$73,$AJ$19:$AO$28,10,FALSE)) | AS75: =IF($L$21="",0,HLOOKUP(AS$73,$AJ$19:$AO$28,10,FALSE)) | AT75: =IF($L$21="",0,HLOOKUP(AT$73,$AJ$19:$AO$28,10,FALSE)) | AU75: =IF($L$21="",0,HLOOKUP(AU$73,$AJ$19:$AO$28,10,FALSE)) | AV75: =IF($L$21="",0,HLOOKUP(AV$73,$AJ$19:$AO$28,10,FALSE)) | AX75: II
S76: III | U76: =IF($D$33="",0,HLOOKUP(U$73,$U$31:$Z$40,9,FALSE)) | V76: =IF($D$33="",0,HLOOKUP(V$73,$U$31:$Z$40,9,FALSE)) | W76: =IF($D$33="",0,HLOOKUP(W$73,$U$31:$Z$40,9,FALSE)) | X76: =IF($D$33="",0,HLOOKUP(X$73,$U$31:$Z$40,9,FALSE)) | Y76: =IF($D$33="",0,HLOOKUP(Y$73,$U$31:$Z$40,9,FALSE)) | Z76: =IF($D$33="",0,HLOOKUP(Z$73,$U$31:$Z$40,9,FALSE)) | AB76: =IF($D$33="",0,HLOOKUP(AB$73,$U$31:$Z$40,10,FALSE)) | AC76: =IF($D$33="",0,HLOOKUP(AC$73,$U$31:$Z$40,10,FALSE)) | AD76: =IF($D$33="",0,HLOOKUP(AD$73,$U$31:$Z$40,10,FALSE)) | AE76: =IF($D$33="",0,HLOOKUP(AE$73,$U$31:$Z$40,10,FALSE)) | AF76: =IF($D$33="",0,HLOOKUP(AF$73,$U$31:$Z$40,10,FALSE)) | AG76: =IF($D$33="",0,HLOOKUP(AG$73,$U$31:$Z$40,10,FALSE)) | AI76: III | AJ76: =IF($L$33="",0,HLOOKUP(AJ$73,$AJ$31:$AO$40,9,FALSE)) | AK76: =IF($L$33="",0,HLOOKUP(AK$73,$AJ$31:$AO$40,9,FALSE)) | AL76: =IF($L$33="",0,HLOOKUP(AL$73,$AJ$31:$AO$40,9,FALSE)) | AM76: =IF($L$33="",0,HLOOKUP(AM$73,$AJ$31:$AO$40,9,FALSE)) | AN76: =IF($L$33="",0,HLOOKUP(AN$73,$AJ$31:$AO$40,9,FALSE)) | AO76: =IF($L$33="",0,HLOOKUP(AO$73,$AJ$31:$AO$40,9,FALSE)) | AQ76: =IF($L$33="",0,HLOOKUP(AQ$73,$AJ$31:$AO$40,10,FALSE)) | AR76: =IF($L$33="",0,HLOOKUP(AR$73,$AJ$31:$AO$40,10,FALSE)) | AS76: =IF($L$33="",0,HLOOKUP(AS$73,$AJ$31:$AO$40,10,FALSE)) | AT76: =IF($L$33="",0,HLOOKUP(AT$73,$AJ$31:$AO$40,10,FALSE)) | AU76: =IF($L$33="",0,HLOOKUP(AU$73,$AJ$31:$AO$40,10,FALSE)) | AV76: =IF($L$33="",0,HLOOKUP(AV$73,$AJ$31:$AO$40,10,FALSE)) | AX76: III
S77: IV | U77: =IF($D$45="",0,HLOOKUP(U$73,$U$43:$Z$52,9,FALSE)) | V77: =IF($D$45="",0,HLOOKUP(V$73,$U$43:$Z$52,9,FALSE)) | W77: =IF($D$45="",0,HLOOKUP(W$73,$U$43:$Z$52,9,FALSE)) | X77: =IF($D$45="",0,HLOOKUP(X$73,$U$43:$Z$52,9,FALSE)) | Y77: =IF($D$45="",0,HLOOKUP(Y$73,$U$43:$Z$52,9,FALSE)) | Z77: =IF($D$45="",0,HLOOKUP(Z$73,$U$43:$Z$52,9,FALSE)) | AB77: =IF($D$45="",0,HLOOKUP(AB$73,$U$43:$Z$52,10,FALSE)) | AC77: =IF($D$45="",0,HLOOKUP(AC$73,$U$43:$Z$52,10,FALSE)) | AD77: =IF($D$45="",0,HLOOKUP(AD$73,$U$43:$Z$52,10,FALSE)) | AE77: =IF($D$45="",0,HLOOKUP(AE$73,$U$43:$Z$52,10,FALSE)) | AF77: =IF($D$45="",0,HLOOKUP(AF$73,$U$43:$Z$52,10,FALSE)) | AG77: =IF($D$45="",0,HLOOKUP(AG$73,$U$43:$Z$52,10,FALSE)) | AI77: IV | AJ77: =IF($L$45="",0,HLOOKUP(AJ$73,$AJ$43:$AO$52,9,FALSE)) | AK77: =IF($L$45="",0,HLOOKUP(AK$73,$AJ$43:$AO$52,9,FALSE)) | AL77: =IF($L$45="",0,HLOOKUP(AL$73,$AJ$43:$AO$52,9,FALSE)) | AM77: =IF($L$45="",0,HLOOKUP(AM$73,$AJ$43:$AO$52,9,FALSE)) | AN77: =IF($L$45="",0,HLOOKUP(AN$73,$AJ$43:$AO$52,9,FALSE)) | AO77: =IF($L$45="",0,HLOOKUP(AO$73,$AJ$43:$AO$52,9,FALSE)) | AQ77: =IF($L$45="",0,HLOOKUP(AQ$73,$AJ$43:$AO$52,10,FALSE)) | AR77: =IF($L$45="",0,HLOOKUP(AR$73,$AJ$43:$AO$52,10,FALSE)) | AS77: =IF($L$45="",0,HLOOKUP(AS$73,$AJ$43:$AO$52,10,FALSE)) | AT77: =IF($L$45="",0,HLOOKUP(AT$73,$AJ$43:$AO$52,10,FALSE)) | AU77: =IF($L$45="",0,HLOOKUP(AU$73,$AJ$43:$AO$52,10,FALSE)) | AV77: =IF($L$45="",0,HLOOKUP(AV$73,$AJ$43:$AO$52,10,FALSE)) | AX77: IV
S78: V | U78: =IF($D$57="",0,HLOOKUP(U$73,$U$55:$Z$64,9,FALSE)) | V78: =IF($D$57="",0,HLOOKUP(V$73,$U$55:$Z$64,9,FALSE)) | W78: =IF($D$57="",0,HLOOKUP(W$73,$U$55:$Z$64,9,FALSE)) | X78: =IF($D$57="",0,HLOOKUP(X$73,$U$55:$Z$64,9,FALSE)) | Y78: =IF($D$57="",0,HLOOKUP(Y$73,$U$55:$Z$64,9,FALSE)) | Z78: =IF($D$57="",0,HLOOKUP(Z$73,$U$55:$Z$64,9,FALSE)) | AB78: =IF($D$57="",0,HLOOKUP(AB$73,$U$55:$Z$64,10,FALSE)) | AC78: =IF($D$57="",0,HLOOKUP(AC$73,$U$55:$Z$64,10,FALSE)) | AD78: =IF($D$57="",0,HLOOKUP(AD$73,$U$55:$Z$64,10,FALSE)) | AE78: =IF($D$57="",0,HLOOKUP(AE$73,$U$55:$Z$64,10,FALSE)) | AF78: =IF($D$57="",0,HLOOKUP(AF$73,$U$55:$Z$64,10,FALSE)) | AG78: =IF($D$57="",0,HLOOKUP(AG$73,$U$55:$Z$64,10,FALSE)) | AI78: V | AJ78: =IF($L$57="",0,HLOOKUP(AJ$73,$AJ$55:$AO$64,9,FALSE)) | AK78: =IF($L$57="",0,HLOOKUP(AK$73,$AJ$55:$AO$64,9,FALSE)) | AL78: =IF($L$57="",0,HLOOKUP(AL$73,$AJ$55:$AO$64,9,FALSE)) | AM78: =IF($L$57="",0,HLOOKUP(AM$73,$AJ$55:$AO$64,9,FALSE)) | AN78: =IF($L$57="",0,HLOOKUP(AN$73,$AJ$55:$AO$64,9,FALSE)) | AO78: =IF($L$57="",0,HLOOKUP(AO$73,$AJ$55:$AO$64,9,FALSE)) | AQ78: =IF($L$57="",0,HLOOKUP(AQ$73,$AJ$55:$AO$64,10,FALSE)) | AR78: =IF($L$57="",0,HLOOKUP(AR$73,$AJ$55:$AO$64,10,FALSE)) | AS78: =IF($L$57="",0,HLOOKUP(AS$73,$AJ$55:$AO$64,10,FALSE)) | AT78: =IF($L$57="",0,HLOOKUP(AT$73,$AJ$55:$AO$64,10,FALSE)) | AU78: =IF($L$57="",0,HLOOKUP(AU$73,$AJ$55:$AO$64,10,FALSE)) | AV78: =IF($L$57="",0,HLOOKUP(AV$73,$AJ$55:$AO$64,10,FALSE)) | AX78: V
U79: =SUM(U74:U78) | V79: =SUM(V74:V78) | W79: =SUM(W74:W78) | X79: =SUM(X74:X78) | Y79: =SUM(Y74:Y78) | Z79: =SUM(Z74:Z78) | AB79: =SUM(AB74:AB78) | AC79: =SUM(AC74:AC78) | AD79: =SUM(AD74:AD78) | AE79: =SUM(AE74:AE78) | AF79: =SUM(AF74:AF78) | AG79: =SUM(AG74:AG78) | AJ79: =SUM(AJ74:AJ78) | AK79: =SUM(AK74:AK78) | AL79: =SUM(AL74:AL78) | AM79: =SUM(AM74:AM78) | AN79: =SUM(AN74:AN78) | AO79: =SUM(AO74:AO78) | AQ79: =SUM(AQ74:AQ78) | AR79: =SUM(AR74:AR78) | AS79: =SUM(AS74:AS78) | AT79: =SUM(AT74:AT78) | AU79: =SUM(AU74:AU78) | AV79: =SUM(AV74:AV78)
AA82: 0 | AB82: =U79-COUNTIF(AB74:AB78,">0") | AC82: =V79-COUNTIF(AC74:AC78,">0") | AD82: =W79-COUNTIF(AD74:AD78,">0") | AE82: =X79-COUNTIF(AE74:AE78,">0") | AF82: =Y79-COUNTIF(AF74:AF78,">0") | AG82: =Z79-COUNTIF(AG74:AG78,">0") | AP82: 0 | AQ82: =AJ79-COUNTIF(AQ74:AQ78,">0") | AR82: =AK79-COUNTIF(AR74:AR78,">0") | AS82: =AL79-COUNTIF(AS74:AS78,">0") | AT82: =AM79-COUNTIF(AT74:AT78,">0") | AU82: =AN79-COUNTIF(AU74:AU78,">0") | AV82: =AO79-COUNTIF(AV74:AV78,">0")
AA83: 1 | AB83: =COUNTIF(AB74:AB78,">0") | AC83: =COUNTIF(AC74:AC78,">0") | AD83: =COUNTIF(AD74:AD78,">0") | AE83: =COUNTIF(AE74:AE78,">0") | AF83: =COUNTIF(AF74:AF78,">0") | AG83: =COUNTIF(AG74:AG78,">0") | AP83: 1 | AQ83: =COUNTIF(AQ74:AQ78,">0") | AR83: =COUNTIF(AR74:AR78,">0") | AS83: =COUNTIF(AS74:AS78,">0") | AT83: =COUNTIF(AT74:AT78,">0") | AU83: =COUNTIF(AU74:AU78,">0") | AV83: =COUNTIF(AV74:AV78,">0")
AA84: > | AB84: =COUNTIF(AB74:AB78,">1") | AC84: =COUNTIF(AC74:AC78,">1") | AD84: =COUNTIF(AD74:AD78,">1") | AE84: =COUNTIF(AE74:AE78,">1") | AF84: =COUNTIF(AF74:AF78,">1") | AG84: =COUNTIF(AG74:AG78,">1") | AP84: > | AQ84: =COUNTIF(AQ74:AQ78,">1") | AR84: =COUNTIF(AR74:AR78,">1") | AS84: =COUNTIF(AS74:AS78,">1") | AT84: =COUNTIF(AT74:AT78,">1") | AU84: =COUNTIF(AU74:AU78,">1") | AV84: =COUNTIF(AV74:AV78,">1")

Sheet Gara_6
U1: =IF($A$1="","",$A$1) | AJ1: =IF($A$1="","",$A$1) | AZ1: =IF($A$1="","",$A$1)
S2: ---
W3: RIASSUNTO SCALARE DEI PUNTI FATTI | AL3: RIASSUNTO SCALARE DEI PUNTI SUBITI | BB3: TOTALI E RELATIVI GRAFICI
A6: SET I | BA6: TPF | BB6: =AA15+AA27+AA39+AA51+AA63 | BD6: FATTI | BJ6: TPS | BK6: =AP15+AP27+AP39+AP51+AP63 | BM6: SUBITI
U7: =IF($B8="","",$B8) | V7: =IF(U7="","",IF(U7=1,6,U7-1)) | W7: =IF(V7="","",IF(V7=1,6,V7-1)) | X7: =IF(W7="","",IF(W7=1,6,W7-1)) | Y7: =IF(X7="","",IF(X7=1,6,X7-1)) | Z7: =IF(Y7="","",IF(Y7=1,6,Y7-1)) | AA7: P | AB7: SET I | AD7: =IF(D9="","",MAX(D9:I14)) | AJ7: =IF($B8="","",$B8) | AK7: =IF(AJ7="","",IF(AJ7=1,6,AJ7-1)) | AL7: =IF(AK7="","",IF(AK7=1,6,AK7-1)) | AM7: =IF(AL7="","",IF(AL7=1,6,AL7-1)) | AN7: =IF(AM7="","",IF(AM7=1,6,AM7-1)) | AO7: =IF(AN7="","",IF(AN7=1,6,AN7-1)) | AP7: P | AQ7: SET I | AS7: =IF(L9="","",MAX(L9:Q14)) | AZ7: P | BA7: 1 | BB7: 2 | BC7: 3 | BD7: 4 | BE7: 5 | BF7: 6 | BI7: P | BJ7: 1 | BK7: 2 | BL7: 3 | BM7: 4 | BN7: 5 | BO7: 6
A8: P | D8: I | E8: II | F8: III | G8: IV | H8: V | I8: VI | L8: I | M8: II | N8: III | O8: IV | P8: V | Q8: VI | U8: I | V8: II | W8: III | X8: IV | Y8: V | Z8: VI | AA8: TR | AJ8: I | AK8: II | AL8: III | AM8: IV | AN8: V | AO8: VI | AP8: TR | AZ8: TT | BA8: =U79 | BB8: =V79 | BC8: =W79 | BD8: =X79 | BE8: =Y79 | BF8: =Z79 | BI8: TT | BJ8: =AJ79 | BK8: =AK79 | BL8: =AL79 | BM8: =AM79 | BN8: =AN79 | BO8: =AO79
U9: =IF(D9="","",IF(UPPER(D9)="X","",D9)) | V9: =IF(E9="","",IF(UPPER(D9)="X",E9-1,E9-D9-1)) | W9: =IF(F9="","",F9-E9-1) | X9: =IF(G9="","",G9-F9-1) | Y9: =IF(H9="","",H9-G9-1) | Z9: =IF(I9="","",I9-H9-1) | AA9: =SUM(U9:Z9) | AJ9: =IF(L9="","",IF(UPPER(L9)="X","",L9)) | AK9: =IF(M9="","",IF(UPPER(L9)="X",M9-1,M9-L9-1)) | AL9: =IF(N9="","",N9-M9-1) | AM9: =IF(O9="","",O9-N9-1) | AN9: =IF(P9="","",P9-O9-1) | AO9: =IF(Q9="","",Q9-P9-1) | AP9: =SUM(AJ9:AO9) | AZ9: TP | BA9: =AB79 | BB9: =AC79 | BC9: =AD79 | BD9: =AE79 | BE9: =AF79 | BF9: =AG79 | BI9: TP | BJ9: =AQ79 | BK9: =AR79 | BL9: =AS79 | BM9: =AT79 | BN9: =AU79 | BO9: =AV79
U10: =IF(D10="","",D10-I9-1) | V10: =IF(E10="","",E10-D10-1) | W10: =IF(F10="","",F10-E10-1) | X10: =IF(G10="","",G10-F10-1) | Y10: =IF(H10="","",H10-G10-1) | Z10: =IF(I10="","",I10-H10-1) | AA10: =SUM(U10:Z10) | AJ10: =IF(L10="","",L10-Q9-1) | AK10: =IF(M10="","",M10-L10-1) | AL10: =IF(N10="","",N10-M10-1) | AM10: =IF(O10="","",O10-N10-1) | AN10: =IF(P10="","",P10-O10-1) | AO10: =IF(Q10="","",Q10-P10-1) | AP10: =SUM(AJ10:AO10) | AZ10: MP | BA10: =IF(BA8=0,0,BA9/BA8) | BB10: =IF(BB8=0,0,BB9/BB8) | BC10: =IF(BC8=0,0,BC9/BC8) | BD10: =IF(BD8=0,0,BD9/BD8) | BE10: =IF(BE8=0,0,BE9/BE8) | BF10: =IF(BF8=0,0,BF9/BF8) | BI10: MP | BJ10: =IF(BJ8=0,0,BJ9/BJ8) | BK10: =IF(BK8=0,0,BK9/BK8) | BL10: =IF(BL8=0,0,BL9/BL8) | BM10: =IF(BM8=0,0,BM9/BM8) | BN10: =IF(BN8=0,0,BN9/BN8) | BO10: =IF(BO8=0,0,BO9/BO8)
U11: =IF(D11="","",D11-I10-1) | V11: =IF(E11="","",E11-D11-1) | W11: =IF(F11="","",F11-E11-1) | X11: =IF(G11="","",G11-F11-1) | Y11: =IF(H11="","",H11-G11-1) | Z11: =IF(I11="","",I11-H11-1) | AA11: =SUM(U11:Z11) | AJ11: =IF(L11="","",L11-Q10-1) | AK11: =IF(M11="","",M11-L11-1) | AL11: =IF(N11="","",N11-M11-1) | AM11: =IF(O11="","",O11-N11-1) | AN11: =IF(P11="","",P11-O11-1) | AO11: =IF(Q11="","",Q11-P11-1) | AP11: =SUM(AJ11:AO11) | AZ11: %PT | BA11: =IF($BB$6=0,0,(BA9/$BB$6)*100) | BB11: =IF($BB$6=0,0,(BB9/$BB$6)*100) | BC11: =IF($BB$6=0,0,(BC9/$BB$6)*100) | BD11: =IF($BB$6=0,0,(BD9/$BB$6)*100) | BE11: =IF($BB$6=0,0,(BE9/$BB$6)*100) | BF11: =IF($BB$6=0,0,(BF9/$BB$6)*100) | BI11: %PT | BJ11: =IF($BK$6=0,0,(BJ9/$BB$6)*100) | BK11: =IF($BK$6=0,0,(BK9/$BB$6)*100) | BL11: =IF($BK$6=0,0,(BL9/$BB$6)*100) | BM11: =IF($BK$6=0,0,(BM9/$BB$6)*100) | BN11: =IF($BK$6=0,0,(BN9/$BB$6)*100) | BO11: =IF($BK$6=0,0,(BO9/$BB$6)*100)
U12: =IF(D12="","",D12-I11-1) | V12: =IF(E12="","",E12-D12-1) | W12: =IF(F12="","",F12-E12-1) | X12: =IF(G12="","",G12-F12-1) | Y12: =IF(H12="","",H12-G12-1) | Z12: =IF(I12="","",I12-H12-1) | AA12: =SUM(U12:Z12) | AJ12: =IF(L12="","",L12-Q11-1) | AK12: =IF(M12="","",M12-L12-1) | AL12: =IF(N12="","",N12-M12-1) | AM12: =IF(O12="","",O12-N12-1) | AN12: =IF(P12="","",P12-O12-1) | AO12: =IF(Q12="","",Q12-P12-1) | AP12: =SUM(AJ12:AO12) | AZ12: %=0 | BA12: =IF(BA$8=0,0,(AB82/BA$8)*100) | BB12: =IF(BB$8=0,0,(AC82/BB$8)*100) | BC12: =IF(BC$8=0,0,(AD82/BC$8)*100) | BD12: =IF(BD$8=0,0,(AE82/BD$8)*100) | BE12: =IF(BE$8=0,0,(AF82/BE$8)*100) | BF12: =IF(BF$8=0,0,(AG82/BF$8)*100) | BI12: %=0 | BJ12: =IF(BJ$8=0,0,(AQ82/BJ$8)*100) | BK12: =IF(BK$8=0,0,(AR82/BK$8)*100) | BL12: =IF(BL$8=0,0,(AS82/BL$8)*100) | BM12: =IF(BM$8=0,0,(AT82/BM$8)*100) | BN12: =IF(BN$8=0,0,(AU82/BN$8)*100) | BO12: =IF(BO$8=0,0,(AV82/BO$8)*100)
U13: =IF(D13="","",D13-I12-1) | V13: =IF(E13="","",E13-D13-1) | W13: =IF(F13="","",F13-E13-1) | X13: =IF(G13="","",G13-F13-1) | Y13: =IF(H13="","",H13-G13-1) | Z13: =IF(I13="","",I13-H13-1) | AA13: =SUM(U13:Z13) | AJ13: =IF(L13="","",L13-Q12-1) | AK13: =IF(M13="","",M13-L13-1) | AL13: =IF(N13="","",N13-M13-1) | AM13: =IF(O13="","",O13-N13-1) | AN13: =IF(P13="","",P13-O13-1) | AO13: =IF(Q13="","",Q13-P13-1) | AP13: =SUM(AJ13:AO13) | AZ13: %>0 | BA13: =IF(BA$8=0,0,(AB83/BA$8)*100) | BB13: =IF(BB$8=0,0,(AC83/BB$8)*100) | BC13: =IF(BC$8=0,0,(AD83/BC$8)*100) | BD13: =IF(BD$8=0,0,(AE83/BD$8)*100) | BE13: =IF(BE$8=0,0,(AF83/BE$8)*100) | BF13: =IF(BF$8=0,0,(AG83/BF$8)*100) | BI13: %>0 | BJ13: =IF(BJ$8=0,0,(AQ83/BJ$8)*100) | BK13: =IF(BK$8=0,0,(AR83/BK$8)*100) | BL13: =IF(BL$8=0,0,(AS83/BL$8)*100) | BM13: =IF(BM$8=0,0,(AT83/BM$8)*100) | BN13: =IF(BN$8=0,0,(AU83/BN$8)*100) | BO13: =IF(BO$8=0,0,(AV83/BO$8)*100)
U14: =IF(D14="","",D14-I13-1) | V14: =IF(E14="","",E14-D14-1) | W14: =IF(F14="","",F14-E14-1) | X14: =IF(G14="","",G14-F14-1) | Y14: =IF(H14="","",H14-G14-1) | Z14: =IF(I14="","",I14-H14-1) | AA14: =SUM(U14:Z14) | AJ14: =IF(L14="","",L14-Q13-1) | AK14: =IF(M14="","",M14-L14-1) | AL14: =IF(N14="","",N14-M14-1) | AM14: =IF(O14="","",O14-N14-1) | AN14: =IF(P14="","",P14-O14-1) | AO14: =IF(Q14="","",Q14-P14-1) | AP14: =SUM(AJ14:AO14) | AZ14: %>1 | BA14: =IF(BA$8=0,0,(AB84/BA$8)*100) | BB14: =IF(BB$8=0,0,(AC84/BB$8)*100) | BC14: =IF(BC$8=0,0,(AD84/BC$8)*100) | BD14: =IF(BD$8=0,0,(AE84/BD$8)*100) | BE14: =IF(BE$8=0,0,(AF84/BE$8)*100) | BF14: =IF(BF$8=0,0,(AG84/BF$8)*100) | BI14: %>1 | BJ14: =IF(BJ$8=0,0,(AQ84/BJ$8)*100) | BK14: =IF(BK$8=0,0,(AR84/BK$8)*100) | BL14: =IF(BL$8=0,0,(AS84/BL$8)*100) | BM14: =IF(BM$8=0,0,(AT84/BM$8)*100) | BN14: =IF(BN$8=0,0,(AU84/BN$8)*100) | BO14: =IF(BO$8=0,0,(AV84/BO$8)*100)
U15: =COUNTIF(U9:U14,">=0") | V15: =COUNTIF(V9:V14,">=0") | W15: =COUNTIF(W9:W14,">=0") | X15: =COUNTIF(X9:X14,">=0") | Y15: =COUNTIF(Y9:Y14,">=0") | Z15: =COUNTIF(Z9:Z14,">=0") | AA15: =SUM(AA9:AA14) | AB15: =IF(OR(AD7=0,AD7=""),"",(AA15/AD7)*100) | AJ15: =COUNTIF(AJ9:AJ14,">=0") | AK15: =COUNTIF(AK9:AK14,">=0") | AL15: =COUNTIF(AL9:AL14,">=0") | AM15: =COUNTIF(AM9:AM14,">=0") | AN15: =COUNTIF(AN9:AN14,">=0") | AO15: =COUNTIF(AO9:AO14,">=0") | AP15: =SUM(AP9:AP14) | AQ15: =IF(OR(AS7=0,AS7=""),"",(AP15/AS7)*100)
U16: =SUM(U9:U14) | V16: =SUM(V9:V14) | W16: =SUM(W9:W14) | X16: =SUM(X9:X14) | Y16: =SUM(Y9:Y14) | Z16: =SUM(Z9:Z14) | AJ16: =SUM(AJ9:AJ14) | AK16: =SUM(AK9:AK14) | AL16: =SUM(AL9:AL14) | AM16: =SUM(AM9:AM14) | AN16: =SUM(AN9:AN14) | AO16: =SUM(AO9:AO14)
U17: =IF($AA15=0,0,(U16/$AA15)*100) | V17: =IF($AA15=0,0,(V16/$AA15)*100) | W17: =IF($AA15=0,0,(W16/$AA15)*100) | X17: =IF($AA15=0,0,(X16/$AA15)*100) | Y17: =IF($AA15=0,0,(Y16/$AA15)*100) | Z17: =IF($AA15=0,0,(Z16/$AA15)*100) | AA17: PR% | AJ17: =IF($AP15=0,0,(AJ16/$AP15)*100) | AK17: =IF($AP15=0,0,(AK16/$AP15)*100) | AL17: =IF($AP15=0,0,(AL16/$AP15)*100) | AM17: =IF($AP15=0,0,(AM16/$AP15)*100) | AN17: =IF($AP15=0,0,(AN16/$AP15)*100) | AO17: =IF($AP15=0,0,(AO16/$AP15)*100) | AP17: PR%
A18: SET II
D19: =IF($D$7="","",$D$7) | L19: =IF($L$7="","",$L$7) | U19: =IF($B20="","",$B20) | V19: =IF(U19="","",IF(U19=1,6,U19-1)) | W19: =IF(V19="","",IF(V19=1,6,V19-1)) | X19: =IF(W19="","",IF(W19=1,6,W19-1)) | Y19: =IF(X19="","",IF(X19=1,6,X19-1)) | Z19: =IF(Y19="","",IF(Y19=1,6,Y19-1)) | AA19: P | AB19: SET II | AD19: =IF(D21="","",MAX(D21:I26)) | AJ19: =IF($B20="","",$B20) | AK19: =IF(AJ19="","",IF(AJ19=1,6,AJ19-1)) | AL19: =IF(AK19="","",IF(AK19=1,6,AK19-1)) | AM19: =IF(AL19="","",IF(AL19=1,6,AL19-1)) | AN19: =IF(AM19="","",IF(AM19=1,6,AM19-1)) | AO19: =IF(AN19="","",IF(AN19=1,6,AN19-1)) | AP19: P | AQ19: SET II | AS19: =IF(L21="","",MAX(L21:Q26))
A20: P | D20: I | E20: II | F20: III | G20: IV | H20: V | I20: VI | L20: I | M20: II | N20: III | O20: IV | P20: V | Q20: VI | U20: I | V20: II | W20: III | X20: IV | Y20: V | Z20: VI | AA20: TR | AJ20: I | AK20: II | AL20: III | AM20: IV | AN20: V | AO20: VI | AP20: TR
U21: =IF(D21="","",IF(UPPER(D21)="X","",D21)) | V21: =IF(E21="","",IF(UPPER(D21)="X",E21-1,E21-D21-1)) | W21: =IF(F21="","",F21-E21-1) | X21: =IF(G21="","",G21-F21-1) | Y21: =IF(H21="","",H21-G21-1) | Z21: =IF(I21="","",I21-H21-1) | AA21: =SUM(U21:Z21) | AJ21: =IF(L21="","",IF(UPPER(L21)="X","",L21)) | AK21: =IF(M21="","",IF(UPPER(L21)="X",M21-1,M21-L21-1)) | AL21: =IF(N21="","",N21-M21-1) | AM21: =IF(O21="","",O21-N21-1) | AN21: =IF(P21="","",P21-O21-1) | AO21: =IF(Q21="","",Q21-P21-1) | AP21: =SUM(AJ21:AO21)
U22: =IF(D22="","",D22-I21-1) | V22: =IF(E22="","",E22-D22-1) | W22: =IF(F22="","",F22-E22-1) | X22: =IF(G22="","",G22-F22-1) | Y22: =IF(H22="","",H22-G22-1) | Z22: =IF(I22="","",I22-H22-1) | AA22: =SUM(U22:Z22) | AJ22: =IF(L22="","",L22-Q21-1) | AK22: =IF(M22="","",M22-L22-1) | AL22: =IF(N22="","",N22-M22-1) | AM22: =IF(O22="","",O22-N22-1) | AN22: =IF(P22="","",P22-O22-1) | AO22: =IF(Q22="","",Q22-P22-1) | AP22: =SUM(AJ22:AO22)
U23: =IF(D23="","",D23-I22-1) | V23: =IF(E23="","",E23-D23-1) | W23: =IF(F23="","",F23-E23-1) | X23: =IF(G23="","",G23-F23-1) | Y23: =IF(H23="","",H23-G23-1) | Z23: =IF(I23="","",I23-H23-1) | AA23: =SUM(U23:Z23) | AJ23: =IF(L23="","",L23-Q22-1) | AK23: =IF(M23="","",M23-L23-1) | AL23: =IF(N23="","",N23-M23-1) | AM23: =IF(O23="","",O23-N23-1) | AN23: =IF(P23="","",P23-O23-1) | AO23: =IF(Q23="","",Q23-P23-1) | AP23: =SUM(AJ23:AO23)
U24: =IF(D24="","",D24-I23-1) | V24: =IF(E24="","",E24-D24-1) | W24: =IF(F24="","",F24-E24-1) | X24: =IF(G24="","",G24-F24-1) | Y24: =IF(H24="","",H24-G24-1) | Z24: =IF(I24="","",I24-H24-1) | AA24: =SUM(U24:Z24) | AJ24: =IF(L24="","",L24-Q23-1) | AK24: =IF(M24="","",M24-L24-1) | AL24: =IF(N24="","",N24-M24-1) | AM24: =IF(O24="","",O24-N24-1) | AN24: =IF(P24="","",P24-O24-1) | AO24: =IF(Q24="","",Q24-P24-1) | AP24: =SUM(AJ24:AO24)
U25: =IF(D25="","",D25-I24-1) | V25: =IF(E25="","",E25-D25-1) | W25: =IF(F25="","",F25-E25-1) | X25: =IF(G25="","",G25-F25-1) | Y25: =IF(H25="","",H25-G25-1) | Z25: =IF(I25="","",I25-H25-1) | AA25: =SUM(U25:Z25) | AJ25: =IF(L25="","",L25-Q24-1) | AK25: =IF(M25="","",M25-L25-1) | AL25: =IF(N25="","",N25-M25-1) | AM25: =IF(O25="","",O25-N25-1) | AN25: =IF(P25="","",P25-O25-1) | AO25: =IF(Q25="","",Q25-P25-1) | AP25: =SUM(AJ25:AO25)
U26: =IF(D26="","",D26-I25-1) | V26: =IF(E26="","",E26-D26-1) | W26: =IF(F26="","",F26-E26-1) | X26: =IF(G26="","",G26-F26-1) | Y26: =IF(H26="","",H26-G26-1) | Z26: =IF(I26="","",I26-H26-1) | AA26: =SUM(U26:Z26) | AJ26: =IF(L26="","",L26-Q25-1) | AK26: =IF(M26="","",M26-L26-1) | AL26: =IF(N26="","",N26-M26-1) | AM26: =IF(O26="","",O26-N26-1) | AN26: =IF(P26="","",P26-O26-1) | AO26: =IF(Q26="","",Q26-P26-1) | AP26: =SUM(AJ26:AO26)
U27: =COUNTIF(U21:U26,">=0") | V27: =COUNTIF(V21:V26,">=0") | W27: =COUNTIF(W21:W26,">=0") | X27: =COUNTIF(X21:X26,">=0") | Y27: =COUNTIF(Y21:Y26,">=0") | Z27: =COUNTIF(Z21:Z26,">=0") | AA27: =SUM(AA21:AA26) | AB27: =IF(OR(AD19=0,AD19=""),"",(AA27/AD19)*100) | AJ27: =COUNTIF(AJ21:AJ26,">=0") | AK27: =COUNTIF(AK21:AK26,">=0") | AL27: =COUNTIF(AL21:AL26,">=0") | AM27: =COUNTIF(AM21:AM26,">=0") | AN27: =COUNTIF(AN21:AN26,">=0") | AO27: =COUNTIF(AO21:AO26,">=0") | AP27: =SUM(AP21:AP26) | AQ27: =IF(OR(AS19=0,AS19=""),"",(AP27/AS19)*100)
U28: =SUM(U21:U26) | V28: =SUM(V21:V26) | W28: =SUM(W21:W26) | X28: =SUM(X21:X26) | Y28: =SUM(Y21:Y26) | Z28: =SUM(Z21:Z26) | AJ28: =SUM(AJ21:AJ26) | AK28: =SUM(AK21:AK26) | AL28: =SUM(AL21:AL26) | AM28: =SUM(AM21:AM26) | AN28: =SUM(AN21:AN26) | AO28: =SUM(AO21:AO26)
U29: =IF($AA27=0,0,(U28/$AA27)*100) | V29: =IF($AA27=0,0,(V28/$AA27)*100) | W29: =IF($AA27=0,0,(W28/$AA27)*100) | X29: =IF($AA27=0,0,(X28/$AA27)*100) | Y29: =IF($AA27=0,0,(Y28/$AA27)*100) | Z29: =IF($AA27=0,0,(Z28/$AA27)*100) | AA29: PR% | AJ29: =IF($AP27=0,0,(AJ28/$AP27)*100) | AK29: =IF($AP27=0,0,(AK28/$AP27)*100) | AL29: =IF($AP27=0,0,(AL28/$AP27)*100) | AM29: =IF($AP27=0,0,(AM28/$AP27)*100) | AN29: =IF($AP27=0,0,(AN28/$AP27)*100) | AO29: =IF($AP27=0,0,(AO28/$AP27)*100) | AP29: PR%
A30: SET III
D31: =D19 | L31: =L19 | U31: =IF($B32="","",$B32) | V31: =IF(U31="","",IF(U31=1,6,U31-1)) | W31: =IF(V31="","",IF(V31=1,6,V31-1)) | X31: =IF(W31="","",IF(W31=1,6,W31-1)) | Y31: =IF(X31="","",IF(X31=1,6,X31-1)) | Z31: =IF(Y31="","",IF(Y31=1,6,Y31-1)) | AA31: P | AB31: SET III | AD31: =IF(D33="","",MAX(D33:I38)) | AJ31: =IF($B32="","",$B32) | AK31: =IF(AJ31="","",IF(AJ31=1,6,AJ31-1)) | AL31: =IF(AK31="","",IF(AK31=1,6,AK31-1)) | AM31: =IF(AL31="","",IF(AL31=1,6,AL31-1)) | AN31: =IF(AM31="","",IF(AM31=1,6,AM31-1)) | AO31: =IF(AN31="","",IF(AN31=1,6,AN31-1)) | AP31: P | AQ31: SET III | AS31: =IF(L33="","",MAX(L33:Q38))
A32: P | D32: I | E32: II | F32: III | G32: IV | H32: V | I32: VI | L32: I | M32: II | N32: III | O32: IV | P32: V | Q32: VI | U32: I | V32: II | W32: III | X32: IV | Y32: V | Z32: VI | AA32: TR | AJ32: I | AK32: II | AL32: III | AM32: IV | AN32: V | AO32: VI | AP32: TR
U33: =IF(D33="","",IF(UPPER(D33)="X","",D33)) | V33: =IF(E33="","",IF(UPPER(D33)="X",E33-1,E33-D33-1)) | W33: =IF(F33="","",F33-E33-1) | X33: =IF(G33="","",G33-F33-1) | Y33: =IF(H33="","",H33-G33-1) | Z33: =IF(I33="","",I33-H33-1) | AA33: =SUM(U33:Z33) | AJ33: =IF(L33="","",IF(UPPER(L33)="X","",L33)) | AK33: =IF(M33="","",IF(UPPER(L33)="X",M33-1,M33-L33-1)) | AL33: =IF(N33="","",N33-M33-1) | AM33: =IF(O33="","",O33-N33-1) | AN33: =IF(P33="","",P33-O33-1) | AO33: =IF(Q33="","",Q33-P33-1) | AP33: =SUM(AJ33:AO33)
U34: =IF(D34="","",D34-I33-1) | V34: =IF(E34="","",E34-D34-1) | W34: =IF(F34="","",F34-E34-1) | X34: =IF(G34="","",G34-F34-1) | Y34: =IF(H34="","",H34-G34-1) | Z34: =IF(I34="","",I34-H34-1) | AA34: =SUM(U34:Z34) | AJ34: =IF(L34="","",L34-Q33-1) | AK34: =IF(M34="","",M34-L34-1) | AL34: =IF(N34="","",N34-M34-1) | AM34: =IF(O34="","",O34-N34-1) | AN34: =IF(P34="","",P34-O34-1) | AO34: =IF(Q34="","",Q34-P34-1) | AP34: =SUM(AJ34:AO34)
U35: =IF(D35="","",D35-I34-1) | V35: =IF(E35="","",E35-D35-1) | W35: =IF(F35="","",F35-E35-1) | X35: =IF(G35="","",G35-F35-1) | Y35: =IF(H35="","",H35-G35-1) | Z35: =IF(I35="","",I35-H35-1) | AA35: =SUM(U35:Z35) | AJ35: =IF(L35="","",L35-Q34-1) | AK35: =IF(M35="","",M35-L35-1) | AL35: =IF(N35="","",N35-M35-1) | AM35: =IF(O35="","",O35-N35-1) | AN35: =IF(P35="","",P35-O35-1) | AO35: =IF(Q35="","",Q35-P35-1) | AP35: =SUM(AJ35:AO35)
U36: =IF(D36="","",D36-I35-1) | V36: =IF(E36="","",E36-D36-1) | W36: =IF(F36="","",F36-E36-1) | X36: =IF(G36="","",G36-F36-1) | Y36: =IF(H36="","",H36-G36-1) | Z36: =IF(I36="","",I36-H36-1) | AA36: =SUM(U36:Z36) | AJ36: =IF(L36="","",L36-Q35-1) | AK36: =IF(M36="","",M36-L36-1) | AL36: =IF(N36="","",N36-M36-1) | AM36: =IF(O36="","",O36-N36-1) | AN36: =IF(P36="","",P36-O36-1) | AO36: =IF(Q36="","",Q36-P36-1) | AP36: =SUM(AJ36:AO36)
